iso_year,iso_week,actual,flat_mean,seasonal_naive,trend_seasonal
2025,27,24697,26622.0,21858.0,25260.0
2025,28,29109,26622.0,26062.0,30106.0
2025,29,33605,26622.0,29311.0,33846.0
2025,30,31693,26622.0,27529.0,31776.0
2025,31,30303,26622.0,28337.0,32696.0
2025,32,31696,26622.0,29209.0,33688.0
2025,33,32434,26622.0,26758.0,30849.0
2025,34,29540,26622.0,26307.0,30318.0
2025,35,29669,26622.0,27855.0,32089.0
2025,36,27466,26622.0,23977.0,27611.0
2025,37,31718,26622.0,27619.0,31793.0
2025,38,34318,26622.0,28496.0,32790.0
2025,39,34128,26622.0,28894.0,33235.0
2025,40,34272,26622.0,25010.0,28757.0
2025,41,34737,26622.0,27813.0,31968.0
2025,42,35439,26622.0,31579.0,36283.0
2025,43,32991,26622.0,28353.0,32565.0
2025,44,32605,26622.0,25561.0,29347.0
2025,45,30955,26622.0,28238.0,32409.0
2025,46,30139,26622.0,28975.0,33242.0
2025,47,31643,26622.0,30493.0,34971.0
2025,48,23204,26622.0,19221.0,22036.0
2025,49,39749,26622.0,30758.0,35250.0
2025,50,37950,26622.0,30961.0,35470.0
2025,51,36116,26622.0,27345.0,31316.0
2025,52,20374,26622.0,15592.0,17850.0
