type,iso_year,iso_week,weekly_trips,trips_p10,trips_p90,weekly_fare_revenue,revenue_p10,revenue_p90
actual,2024,2,17496,,,243310.0,,
actual,2024,3,19472,,,270790.0,,
actual,2024,4,23003,,,319894.0,,
actual,2024,5,19777,,,275031.0,,
actual,2024,6,19752,,,274683.0,,
actual,2024,7,21158,,,294236.0,,
actual,2024,8,22273,,,309742.0,,
actual,2024,9,20673,,,287491.0,,
actual,2024,10,23112,,,321410.0,,
actual,2024,11,26542,,,369109.0,,
actual,2024,12,26121,,,363255.0,,
actual,2024,13,23569,,,327765.0,,
actual,2024,14,24617,,,342339.0,,
actual,2024,15,23823,,,331297.0,,
actual,2024,16,25995,,,361502.0,,
actual,2024,17,26014,,,361767.0,,
actual,2024,18,27741,,,385783.0,,
actual,2024,19,28188,,,392000.0,,
actual,2024,20,30833,,,428783.0,,
actual,2024,21,29539,,,410787.0,,
actual,2024,22,30079,,,418297.0,,
actual,2024,23,32526,,,452326.0,,
actual,2024,24,34496,,,479722.0,,
actual,2024,25,30995,,,431035.0,,
actual,2024,26,30452,,,423484.0,,
actual,2024,27,21858,,,303971.0,,
actual,2024,28,26062,,,362434.0,,
actual,2024,29,29311,,,407617.0,,
actual,2024,30,27529,,,382835.0,,
actual,2024,31,28337,,,394072.0,,
actual,2024,32,29209,,,406198.0,,
actual,2024,33,26758,,,372113.0,,
actual,2024,34,26307,,,365841.0,,
actual,2024,35,27855,,,387369.0,,
actual,2024,36,23977,,,333439.0,,
actual,2024,37,27619,,,384087.0,,
actual,2024,38,28496,,,396283.0,,
actual,2024,39,28894,,,401818.0,,
actual,2024,40,25010,,,347804.0,,
actual,2024,41,27813,,,386785.0,,
actual,2024,42,31579,,,439157.0,,
actual,2024,43,28353,,,394294.0,,
actual,2024,44,25561,,,355467.0,,
actual,2024,45,28238,,,392695.0,,
actual,2024,46,28975,,,402944.0,,
actual,2024,47,30493,,,424054.0,,
actual,2024,48,19221,,,267299.0,,
actual,2024,49,30758,,,427740.0,,
actual,2024,50,30961,,,430563.0,,
actual,2024,51,27345,,,380276.0,,
actual,2024,52,15592,,,216832.0,,
actual,2025,1,16239,,,225829.0,,
actual,2025,2,18417,,,256118.0,,
actual,2025,3,20840,,,289814.0,,
actual,2025,4,19718,,,274211.0,,
actual,2025,5,20391,,,283570.0,,
actual,2025,6,20650,,,287172.0,,
actual,2025,7,23413,,,325596.0,,
actual,2025,8,24814,,,345079.0,,
actual,2025,9,23293,,,323927.0,,
actual,2025,10,25901,,,360195.0,,
actual,2025,11,29070,,,404265.0,,
actual,2025,12,29529,,,410648.0,,
actual,2025,13,24093,,,335052.0,,
actual,2025,14,27128,,,377259.0,,
actual,2025,15,26754,,,372058.0,,
actual,2025,16,27519,,,382696.0,,
actual,2025,17,31021,,,431397.0,,
actual,2025,18,29590,,,411497.0,,
actual,2025,19,31338,,,435805.0,,
actual,2025,20,34110,,,474355.0,,
actual,2025,21,34042,,,473409.0,,
actual,2025,22,30884,,,429492.0,,
actual,2025,23,35364,,,491793.0,,
actual,2025,24,37812,,,525837.0,,
actual,2025,25,35308,,,491015.0,,
actual,2025,26,32318,,,449434.0,,
actual,2025,27,24697,,,343452.0,,
actual,2025,28,29109,,,404808.0,,
actual,2025,29,33605,,,467332.0,,
actual,2025,30,31693,,,440742.0,,
actual,2025,31,30303,,,421412.0,,
actual,2025,32,31696,,,440784.0,,
actual,2025,33,32434,,,451047.0,,
actual,2025,34,29540,,,410801.0,,
actual,2025,35,29669,,,412595.0,,
actual,2025,36,27466,,,381959.0,,
actual,2025,37,31718,,,441090.0,,
actual,2025,38,34318,,,477247.0,,
actual,2025,39,34128,,,474605.0,,
actual,2025,40,34272,,,476607.0,,
actual,2025,41,34737,,,483074.0,,
actual,2025,42,35439,,,492836.0,,
actual,2025,43,32991,,,458793.0,,
actual,2025,44,32605,,,453425.0,,
actual,2025,45,30955,,,430479.0,,
actual,2025,46,30139,,,419131.0,,
actual,2025,47,31643,,,440047.0,,
actual,2025,48,23204,,,322689.0,,
actual,2025,49,39749,,,552774.0,,
actual,2025,50,37950,,,527756.0,,
actual,2025,51,36116,,,502251.0,,
actual,2025,52,20374,,,283333.0,,
actual,2026,1,18857,,,262237.0,,
actual,2026,2,21784,,,302942.0,,
actual,2026,3,28725,,,399467.0,,
actual,2026,4,26442,,,367719.0,,
actual,2026,5,30465,,,423665.0,,
actual,2026,6,28263,,,393043.0,,
actual,2026,7,25936,,,360682.0,,
actual,2026,8,25743,,,357998.0,,
actual,2026,9,26118,,,363213.0,,
actual,2026,10,27022,,,375784.0,,
actual,2026,11,34509,,,479903.0,,
actual,2026,12,36010,,,500777.0,,
actual,2026,13,29252,,,406796.0,,
actual,2026,14,33167,,,461241.0,,
actual,2026,15,32475,,,451617.0,,
actual,2026,16,32854,,,456888.0,,
actual,2026,17,36472,,,507202.0,,
actual,2026,18,36328,,,505199.0,,
actual,2026,19,37476,,,521164.0,,
actual,2026,20,37548,,,522165.0,,
actual,2026,21,37783,,,525434.0,,
forecast,2026,24,43535.0,40301.0,49392.0,605427.0,560444.0,686870.0
forecast,2026,25,39848.0,36887.0,45209.0,554154.0,512980.0,628699.0
forecast,2026,26,37800.0,34991.0,42885.0,525665.0,486609.0,596378.0
forecast,2026,27,27962.0,25884.0,31723.0,388856.0,359964.0,441165.0
forecast,2026,28,33135.0,30673.0,37592.0,460795.0,426558.0,522782.0
forecast,2026,29,37736.0,34932.0,42812.0,524776.0,485785.0,595369.0
forecast,2026,30,35499.0,32862.0,40275.0,493673.0,456994.0,560083.0
forecast,2026,31,35223.0,32606.0,39961.0,489831.0,453436.0,555723.0
forecast,2026,32,36549.0,33833.0,41465.0,508270.0,470505.0,576643.0
forecast,2026,33,35373.0,32744.0,40131.0,491912.0,455363.0,558085.0
forecast,2026,34,33445.0,30960.0,37944.0,465108.0,430550.0,527675.0
forecast,2026,35,34496.0,31932.0,39136.0,479716.0,444073.0,544248.0
forecast,2026,36,30760.0,28475.0,34898.0,427769.0,395986.0,485313.0
forecast,2026,37,35462.0,32827.0,40232.0,493156.0,456514.0,559495.0
forecast,2026,38,37464.0,34681.0,42504.0,521003.0,482293.0,591089.0
forecast,2026,39,37597.0,34803.0,42654.0,522844.0,483996.0,593177.0
forecast,2026,40,35178.0,32564.0,39910.0,489207.0,452859.0,555015.0
forecast,2026,41,37215.0,34450.0,42221.0,517535.0,479082.0,587155.0
forecast,2026,42,39998.0,37026.0,45378.0,556230.0,514902.0,631055.0
forecast,2026,43,36552.0,33836.0,41469.0,508317.0,470549.0,576696.0
forecast,2026,44,34540.0,31974.0,39186.0,480335.0,444646.0,544950.0
forecast,2026,45,35310.0,32687.0,40060.0,491043.0,454559.0,557099.0
forecast,2026,46,35309.0,32685.0,40059.0,491025.0,454542.0,557078.0
forecast,2026,47,37101.0,34344.0,42092.0,515950.0,477615.0,585356.0
forecast,2026,48,25197.0,23325.0,28586.0,350403.0,324368.0,397540.0
forecast,2026,49,41766.0,38663.0,47385.0,580829.0,537674.0,658963.0
forecast,2026,50,40874.0,37837.0,46373.0,568422.0,526189.0,644887.0
forecast,2026,51,37537.0,34748.0,42586.0,522007.0,483222.0,592229.0
forecast,2026,52,21273.0,19692.0,24134.0,295829.0,273849.0,335624.0
forecast,2026,53,21317.0,19733.0,24184.0,296445.0,274419.0,336323.0
