corridor_id,tier,avg_weekly,baseline_mae,xgb_mae,improvement,pct_improv
28→1,sparse,44.7,7.0,6.2,0.8,11.4
28→10,sparse,25.7,6.8,6.4,0.3,4.4
28→14,sparse,17.2,3.3,3.5,-0.2,-6.1
28→15,sparse,18.3,4.7,3.9,0.8,17.0
28→16,sparse,27.8,4.5,3.7,0.8,17.8
28→19,sparse,12.9,3.4,3.8,-0.3,-8.8
28→2,sparse,27.5,4.6,4.4,0.2,4.3
28→21,sparse,22.0,6.3,5.4,0.9,14.3
28→22,sparse,80.3,14.0,13.1,0.9,6.4
28→23,sparse,19.2,5.5,5.1,0.4,7.3
28→24,medium,338.1,55.0,40.7,14.3,26.0
28→25,sparse,28.5,6.8,6.8,0.0,0.0
28→27,sparse,28.7,4.6,5.4,-0.8,-17.4
28→28,dense,2400.9,250.6,193.3,57.3,22.9
28→29,sparse,26.2,10.3,8.0,2.3,22.3
28→3,sparse,127.8,16.6,12.5,4.2,25.3
28→31,sparse,76.0,10.0,10.5,-0.6,-6.0
28→32,dense,3450.4,442.2,269.2,173.0,39.1
28→33,medium,519.3,88.1,82.8,5.4,6.1
28→34,sparse,59.9,9.3,9.9,-0.6,-6.5
28→35,sparse,74.9,12.6,10.0,2.6,20.6
28→36,sparse,12.8,2.6,3.2,-0.6,-23.1
28→38,sparse,58.7,7.4,7.2,0.2,2.7
28→39,sparse,51.1,7.0,7.4,-0.4,-5.7
28→4,sparse,25.9,4.9,4.6,0.3,6.1
28→40,sparse,15.2,3.3,3.2,0.1,3.0
28→41,sparse,100.2,11.6,8.8,2.8,24.1
28→42,sparse,39.3,7.1,6.1,1.0,14.1
28→43,sparse,88.5,12.2,9.7,2.5,20.5
28→44,sparse,98.8,19.2,16.2,3.0,15.6
28→46,sparse,22.4,6.4,6.4,-0.0,-0.0
28→49,sparse,54.8,13.4,12.0,1.3,9.7
28→5,sparse,31.9,8.2,6.5,1.7,20.7
28→56,sparse,64.5,14.3,12.6,1.8,12.6
28→6,medium,336.8,59.9,43.6,16.3,27.2
28→60,sparse,28.2,6.9,6.3,0.5,7.2
28→61,sparse,13.7,3.9,3.5,0.4,10.3
28→66,sparse,14.4,3.3,3.8,-0.4,-12.1
28→67,sparse,12.2,3.9,5.2,-1.2,-30.8
28→68,sparse,23.5,5.1,5.2,-0.1,-2.0
28→69,sparse,50.0,7.6,8.5,-0.9,-11.8
28→7,medium,343.1,55.4,39.5,15.9,28.7
28→71,sparse,33.9,6.0,6.9,-0.9,-15.0
28→73,sparse,27.6,5.9,5.5,0.4,6.8
28→76,medium,162.2,33.0,25.1,7.9,23.9
28→77,sparse,88.3,7.9,7.1,0.8,10.1
28→8,dense,4150.6,488.8,343.1,145.7,29.8
32→1,sparse,69.7,10.1,9.1,1.0,9.9
32→10,sparse,20.0,4.6,4.2,0.4,8.7
32→11,sparse,11.2,3.5,4.3,-0.8,-22.9
32→12,sparse,11.4,2.9,3.4,-0.5,-17.2
32→14,sparse,18.5,5.1,4.3,0.9,17.6
32→15,sparse,16.7,4.7,4.6,0.1,2.1
32→16,sparse,35.6,7.1,6.6,0.5,7.0
32→2,sparse,53.3,7.0,7.2,-0.1,-1.4
32→21,sparse,23.9,7.1,5.7,1.4,19.7
32→22,sparse,108.1,20.9,17.2,3.7,17.7
32→23,sparse,13.9,3.1,2.1,0.9,29.0
32→24,medium,433.8,69.5,57.9,11.6,16.7
32→25,sparse,19.5,5.2,4.4,0.8,15.4
32→27,sparse,21.5,6.0,5.1,0.9,15.0
32→28,dense,3270.3,332.7,190.7,142.1,42.7
32→3,medium,183.9,29.7,24.6,5.1,17.2
32→31,sparse,83.7,15.5,13.8,1.8,11.6
32→32,dense,5430.9,635.7,340.4,295.3,46.5
32→33,dense,1360.0,416.8,349.0,67.8,16.3
32→34,sparse,107.0,12.8,14.9,-2.1,-16.4
32→35,sparse,98.0,18.5,15.7,2.8,15.1
32→36,sparse,22.1,4.1,3.9,0.3,7.3
32→38,sparse,49.7,7.7,7.1,0.6,7.8
32→39,sparse,53.3,6.9,5.7,1.3,18.8
32→4,sparse,43.9,8.7,7.6,1.0,11.5
32→40,sparse,14.9,4.2,3.5,0.7,16.7
32→41,medium,164.9,31.1,24.6,6.5,20.9
32→42,sparse,33.3,7.9,7.6,0.3,3.8
32→43,sparse,79.4,13.7,9.8,3.8,27.7
32→44,sparse,70.9,13.2,13.7,-0.5,-3.8
32→45,sparse,15.9,5.4,4.7,0.7,13.0
32→46,sparse,30.8,6.0,5.5,0.5,8.3
32→49,sparse,29.4,5.0,4.9,0.1,2.0
32→5,sparse,57.2,10.6,8.2,2.5,23.6
32→56,medium,288.0,62.1,55.4,6.8,11.0
32→6,medium,626.5,103.1,67.3,35.9,34.8
32→60,sparse,39.1,6.9,6.8,0.1,1.4
32→68,sparse,18.0,3.9,3.5,0.4,10.3
32→69,sparse,43.5,8.4,8.1,0.3,3.6
32→7,medium,734.7,106.8,74.5,32.3,30.2
32→71,sparse,16.4,6.3,5.9,0.4,6.3
32→73,sparse,12.9,3.1,2.8,0.3,9.7
32→76,dense,962.5,259.5,255.2,4.3,1.7
32→77,medium,140.1,18.4,17.2,1.2,6.5
32→8,dense,6732.3,731.1,635.2,95.9,13.1
76→1,medium,152.3,19.1,22.3,-3.2,-16.8
76→10,medium,203.1,27.2,23.4,3.8,14.0
76→11,sparse,78.0,10.0,8.9,1.1,11.0
76→12,sparse,100.7,13.0,10.5,2.6,20.0
76→13,sparse,75.6,7.5,7.3,0.2,2.7
76→14,sparse,112.4,12.6,11.1,1.5,11.9
76→15,sparse,116.2,11.2,10.2,1.0,8.9
76→16,medium,203.3,20.0,15.1,4.9,24.5
76→17,sparse,59.3,9.7,8.2,1.5,15.5
76→19,sparse,34.2,4.3,4.2,0.2,4.7
76→2,medium,192.2,19.6,18.6,1.1,5.6
76→20,sparse,14.2,2.9,3.1,-0.2,-6.9
76→21,sparse,130.3,15.8,12.4,3.4,21.5
76→22,medium,445.3,49.5,33.9,15.6,31.5
76→23,sparse,32.2,3.9,3.5,0.4,10.3
76→24,dense,732.9,91.4,62.7,28.7,31.4
76→25,sparse,28.5,4.5,4.3,0.2,4.4
76→28,dense,1100.5,166.0,91.1,74.9,45.1
76→3,medium,360.0,38.3,31.8,6.5,17.0
76→31,sparse,35.8,6.0,5.1,0.8,13.3
76→32,dense,3145.7,690.6,353.2,337.4,48.9
76→33,medium,593.0,233.8,186.7,47.1,20.1
76→34,sparse,30.9,8.1,7.6,0.5,6.2
76→35,sparse,20.8,4.6,5.2,-0.5,-10.9
76→38,sparse,13.9,2.9,4.3,-1.3,-44.8
76→39,sparse,39.5,7.5,7.6,-0.0,-0.0
76→4,medium,290.0,30.9,21.9,9.1,29.4
76→41,medium,132.3,31.7,26.4,5.3,16.7
76→42,sparse,42.0,13.2,10.6,2.6,19.7
76→43,sparse,13.7,2.6,3.1,-0.5,-19.2
76→5,medium,433.1,50.6,36.8,13.8,27.3
76→56,sparse,52.9,10.7,10.3,0.4,3.7
76→6,dense,1234.5,148.6,84.0,64.6,43.5
76→60,sparse,22.6,3.9,3.4,0.4,10.3
76→7,dense,1154.6,135.3,88.7,46.6,34.4
76→76,dense,2167.0,291.6,181.1,110.5,37.9
76→77,medium,339.0,37.0,34.5,2.6,7.0
76→8,dense,5042.8,857.2,566.3,290.9,33.9
76→9,sparse,48.0,8.3,6.8,1.5,18.1
8→1,sparse,113.5,15.7,15.0,0.6,3.8
8→10,sparse,53.9,11.6,10.3,1.3,11.2
8→11,sparse,17.4,5.6,5.3,0.3,5.4
8→12,sparse,15.4,3.8,4.2,-0.4,-10.5
8→13,sparse,23.2,6.0,5.0,1.0,16.7
8→14,sparse,35.6,5.7,5.1,0.6,10.5
8→15,sparse,30.4,7.1,5.5,1.6,22.5
8→16,sparse,60.5,9.1,8.9,0.2,2.2
8→19,sparse,19.2,4.3,3.8,0.5,11.6
8→2,sparse,121.7,20.4,16.5,3.8,18.6
8→21,sparse,58.0,11.6,10.0,1.6,13.8
8→22,medium,229.3,38.6,27.8,10.8,28.0
8→23,sparse,35.7,7.4,6.7,0.7,9.5
8→24,dense,872.9,125.0,137.7,-12.8,-10.2
8→25,sparse,40.0,6.3,5.9,0.4,6.3
8→27,sparse,24.4,5.6,5.0,0.6,10.7
8→28,dense,3983.0,458.6,367.2,91.3,19.9
8→29,sparse,19.0,12.2,9.8,2.5,20.5
8→3,medium,380.5,61.9,42.6,19.3,31.2
8→30,sparse,21.3,4.0,3.3,0.7,17.5
8→31,sparse,69.8,15.5,14.6,1.0,6.5
8→32,dense,6548.6,756.2,591.6,164.6,21.8
8→33,dense,1086.6,345.7,252.0,93.7,27.1
8→34,sparse,102.3,18.7,21.3,-2.6,-13.9
8→35,sparse,103.8,13.6,12.1,1.5,11.0
8→36,sparse,24.0,4.7,4.6,0.2,4.3
8→37,sparse,10.5,3.4,5.5,-2.1,-61.8
8→38,sparse,75.0,11.9,9.2,2.7,22.7
8→39,sparse,76.6,11.2,9.9,1.3,11.6
8→4,sparse,96.4,14.3,11.1,3.2,22.4
8→40,sparse,19.3,5.2,5.0,0.1,1.9
8→41,medium,181.3,30.9,24.7,6.2,20.1
8→42,sparse,54.0,11.7,9.1,2.6,22.2
8→43,sparse,102.4,20.3,15.0,5.3,26.1
8→44,sparse,81.0,15.5,12.6,2.9,18.7
8→45,sparse,14.2,2.8,2.5,0.4,14.3
8→46,sparse,24.4,4.1,4.1,0.0,0.0
8→49,sparse,23.8,4.5,4.2,0.3,6.7
8→5,sparse,121.4,21.8,16.6,5.2,23.9
8→56,medium,333.2,60.2,45.9,14.3,23.8
8→6,dense,1401.3,204.9,174.2,30.8,15.0
8→60,sparse,34.0,6.4,6.4,0.0,0.0
8→61,sparse,13.5,3.6,3.2,0.4,11.1
8→66,sparse,10.3,2.4,3.5,-1.1,-45.8
8→67,sparse,14.2,3.1,3.5,-0.4,-12.9
8→68,sparse,42.7,8.1,8.6,-0.5,-6.2
8→69,sparse,83.8,12.9,12.8,0.0,0.0
8→7,dense,1711.2,231.0,195.6,35.4,15.3
8→71,sparse,19.1,3.9,4.0,-0.1,-2.6
8→76,dense,1301.2,290.4,208.0,82.4,28.4
8→77,medium,265.1,35.1,28.3,6.7,19.1
8→8,dense,10844.7,1046.9,1788.0,-741.1,-70.8
