iso_year,iso_week,week_start,taxi_trips,tnp_trips,total_trips,taxi_share
2024,1,2024-01-01,15073,183500,198573,0.07590659354494317
2024,2,2024-01-08,17496,202168,219664,0.07964891834802243
2024,3,2024-01-15,19472,236071,255543,0.07619852627542135
2024,4,2024-01-22,23003,238458,261461,0.08797870428094438
2024,5,2024-01-29,19777,217347,237124,0.08340362004689529
2024,6,2024-02-05,19752,212023,231775,0.0852205803041743
2024,7,2024-02-12,21158,231832,252990,0.08363176410134789
2024,8,2024-02-19,22273,223886,246159,0.09048216802960687
2024,9,2024-02-26,20673,214599,235272,0.08786850963990615
2024,10,2024-03-04,23112,227370,250482,0.09227010324095145
2024,11,2024-03-11,26542,277046,303588,0.08742769806448213
2024,12,2024-03-18,26121,238037,264158,0.09888400124168112
2024,13,2024-03-25,23569,230372,253941,0.09281289748406125
2024,14,2024-04-01,24617,235146,259763,0.09476715313574297
2024,15,2024-04-08,23823,237258,261081,0.09124754386569685
2024,16,2024-04-15,25995,230632,256627,0.10129487544178906
2024,17,2024-04-22,26014,227396,253410,0.10265577522591847
2024,18,2024-04-29,27741,229305,257046,0.10792231740622302
2024,19,2024-05-06,28188,229121,257309,0.10954921903236964
2024,20,2024-05-13,30833,242807,273640,0.11267724016956586
2024,21,2024-05-20,29539,239869,269408,0.10964410856396246
2024,22,2024-05-27,30079,234606,264685,0.11364074276970738
2024,23,2024-06-03,32526,247484,280010,0.11616013713795936
2024,24,2024-06-10,34496,242750,277246,0.12442379691681756
2024,25,2024-06-17,30995,249791,280786,0.11038655773435997
2024,26,2024-06-24,30452,250190,280642,0.10850834871473265
2024,27,2024-07-01,21858,212087,233945,0.0934322169740751
2024,28,2024-07-08,26062,251575,277637,0.09387077370811528
2024,29,2024-07-15,29311,254464,283775,0.10328957801074795
2024,30,2024-07-22,27529,251141,278670,0.09878709584813579
2024,31,2024-07-29,28337,274261,302598,0.0936456949484134
2024,32,2024-08-05,29209,250037,279246,0.10459952873093975
2024,33,2024-08-12,26758,244435,271193,0.09866773847407566
2024,34,2024-08-19,26307,240977,267284,0.09842339982939495
2024,35,2024-08-26,27855,251901,279756,0.09956891005018659
2024,36,2024-09-02,23977,229093,253070,0.0947445370846011
2024,37,2024-09-09,27619,228183,255802,0.10797022697242399
2024,38,2024-09-16,28496,239395,267891,0.10637162129373513
2024,39,2024-09-23,28894,253060,281954,0.10247770912985806
2024,40,2024-09-30,25010,235572,260582,0.09597746582649608
2024,41,2024-10-07,27813,242561,270374,0.10286861902401859
2024,42,2024-10-14,31579,250876,282455,0.11180187994547804
2024,43,2024-10-21,28353,252461,280814,0.10096718824560029
2024,44,2024-10-28,25561,241170,266731,0.09583063086030495
2024,45,2024-11-04,28238,252944,281182,0.1004260585670491
2024,46,2024-11-11,28975,261731,290706,0.09967114541839522
2024,47,2024-11-18,30493,238200,268693,0.11348639525406319
2024,48,2024-11-25,19221,199754,218975,0.08777714350953306
2024,49,2024-12-02,30758,285898,316656,0.09713379819109697
2024,50,2024-12-09,30961,265240,296201,0.1045269934942826
2024,51,2024-12-16,27345,249367,276712,0.09882115701523606
2024,52,2024-12-23,15592,171564,187156,0.08331017974310201
2025,1,2024-12-30,16239,234366,250605,0.06479918596995271
2025,2,2025-01-06,18417,202540,220957,0.08335105925587331
2025,3,2025-01-13,20840,238857,259697,0.08024736519867384
2025,4,2025-01-20,19718,234152,253870,0.07766967345491788
2025,5,2025-01-27,20391,228416,248807,0.08195508968799109
2025,6,2025-02-03,20650,230034,250684,0.08237462303138612
2025,7,2025-02-10,23413,238577,261990,0.0893660063361197
2025,8,2025-02-17,24814,238939,263753,0.0940804464783339
2025,9,2025-02-24,23293,214439,237732,0.09798007840761866
2025,10,2025-03-03,25901,222148,248049,0.10441888497837121
2025,11,2025-03-10,29070,268065,297135,0.09783431773436317
2025,12,2025-03-17,29529,225573,255102,0.11575369852059177
2025,13,2025-03-24,24093,223727,247820,0.09721975627471552
2025,14,2025-03-31,27128,228138,255266,0.10627345592440826
2025,15,2025-04-07,26754,229862,256616,0.1042569442279515
2025,16,2025-04-14,27519,220550,248069,0.1109328452970746
2025,17,2025-04-21,31021,241680,272701,0.11375462502887779
2025,18,2025-04-28,29590,240852,270442,0.10941347867564949
2025,19,2025-05-05,31338,234122,265460,0.11805168386950952
2025,20,2025-05-12,34110,245860,279970,0.12183448226595707
2025,21,2025-05-19,34042,241467,275509,0.12356039185652737
2025,22,2025-05-26,30884,231466,262350,0.11772060224890414
2025,23,2025-06-02,35364,241514,276878,0.1277241239824038
2025,24,2025-06-09,37812,241083,278895,0.1355779056634217
2025,25,2025-06-16,35308,270278,305586,0.11554194236646967
2025,26,2025-06-23,32318,249051,281369,0.11485984596739512
2025,27,2025-06-30,24697,225381,250078,0.09875718775741968
2025,28,2025-07-07,29109,254627,283736,0.10259184594129754
2025,29,2025-07-14,33605,272375,305980,0.10982743970194131
2025,30,2025-07-21,31693,271163,302856,0.10464709300789814
2025,31,2025-07-28,30303,284436,314739,0.09627977467044123
2025,32,2025-08-04,31696,264245,295941,0.10710242920041495
2025,33,2025-08-11,32434,260183,292617,0.11084113363201728
2025,34,2025-08-18,29540,247442,276982,0.10664952957231878
2025,35,2025-08-25,29669,248996,278665,0.10646834012165145
2025,36,2025-09-01,27466,225325,252791,0.10865102001257956
2025,37,2025-09-08,31718,237461,269179,0.11783237176748558
2025,38,2025-09-15,34318,241338,275656,0.12449574832399803
2025,39,2025-09-22,34128,236858,270986,0.12594008546566982
2025,40,2025-09-29,34272,228102,262374,0.13062269889546982
2025,41,2025-10-06,34737,238707,273444,0.12703515162153858
2025,42,2025-10-13,35439,257040,292479,0.12116767357656447
2025,43,2025-10-20,32991,243766,276757,0.11920565694815308
2025,44,2025-10-27,32605,261702,294307,0.11078567618167424
2025,45,2025-11-03,30955,258569,289524,0.10691687044942734
2025,46,2025-11-10,30139,247730,277869,0.10846478016619342
2025,47,2025-11-17,31643,240378,272021,0.11632557780465479
2025,48,2025-11-24,23204,181611,204815,0.11329248346068403
2025,49,2025-12-01,39749,260920,300669,0.13220185652661232
2025,50,2025-12-08,37950,264253,302203,0.12557784006115094
2025,51,2025-12-15,36116,248764,284880,0.12677618646447628
2025,52,2025-12-22,20374,156662,177036,0.11508393773017918
2026,1,2025-12-29,18857,229265,248122,0.07599890376508331
2026,2,2026-01-05,21784,192619,214403,0.10160305592738908
2026,3,2026-01-12,28725,230257,258982,0.11091504428879227
2026,4,2026-01-19,26442,220200,246642,0.10720801809910721
2026,5,2026-01-26,30465,231389,261854,0.11634345856851527
2026,6,2026-02-02,28263,224846,253109,0.1116633545231501
2026,7,2026-02-09,25936,226299,252235,0.10282474676393046
2026,8,2026-02-16,25743,224168,249911,0.10300867108690694
2026,9,2026-02-23,26118,221455,247573,0.10549615668913816
2026,10,2026-03-02,27022,219065,246087,0.10980669438044269
2026,11,2026-03-09,34509,273297,307806,0.11211282431141693
2026,12,2026-03-16,36010,221278,257288,0.13995988930692455
2026,13,2026-03-23,29252,226268,255520,0.11448027551659361
2026,14,2026-03-30,33167,223143,256310,0.12940189614139128
2026,15,2026-04-06,32475,230092,262567,0.12368271717314057
2026,16,2026-04-13,32854,234794,267648,0.12275077714012435
2026,17,2026-04-20,36472,228567,265039,0.13760993665083252
2026,18,2026-04-27,36328,109163,145491,0.24969242083702772
