corridor_id,tier,baseline_weekly_mape,xgb_weekly_mape
28→1,sparse,17.5,11.9
28→10,sparse,27.6,28.4
28→14,sparse,17.3,18.4
28→15,sparse,17.3,16.9
28→16,sparse,17.8,12.3
28→19,sparse,21.7,22.8
28→2,sparse,17.4,14.2
28→21,sparse,24.4,19.3
28→22,sparse,20.9,14.0
28→23,sparse,25.6,22.1
28→24,medium,19.6,11.2
28→25,sparse,24.3,21.7
28→27,sparse,17.4,20.1
28→28,dense,12.0,4.6
28→29,sparse,35.0,24.5
28→3,sparse,13.0,8.6
28→31,sparse,12.8,11.5
28→32,dense,15.9,5.8
28→33,medium,19.4,12.1
28→34,sparse,17.2,14.4
28→35,sparse,19.3,12.7
28→36,sparse,20.0,25.3
28→38,sparse,15.6,12.5
28→39,sparse,15.1,12.2
28→4,sparse,19.9,15.5
28→40,sparse,19.0,19.5
28→41,sparse,12.4,8.5
28→42,sparse,21.5,14.4
28→43,sparse,14.1,10.2
28→44,sparse,18.0,16.5
28→46,sparse,31.6,28.6
28→49,sparse,22.6,22.6
28→5,sparse,28.1,20.5
28→56,sparse,22.1,17.9
28→6,medium,17.8,11.0
28→60,sparse,24.8,17.7
28→61,sparse,30.8,25.6
28→66,sparse,21.9,33.4
28→67,sparse,26.8,43.3
28→68,sparse,21.0,21.6
28→69,sparse,17.8,16.2
28→7,medium,17.4,10.8
28→71,sparse,17.7,20.1
28→73,sparse,22.8,17.8
28→76,medium,21.8,14.3
28→77,sparse,9.2,6.7
28→8,dense,14.3,4.4
32→1,sparse,15.4,12.2
32→10,sparse,20.2,17.0
32→11,sparse,27.0,41.8
32→12,sparse,13.9,22.7
32→14,sparse,23.4,20.2
32→15,sparse,31.5,27.8
32→16,sparse,25.0,20.8
32→2,sparse,15.2,11.8
32→21,sparse,34.4,27.7
32→22,sparse,25.6,19.3
32→23,sparse,23.6,18.8
32→24,medium,20.8,11.9
32→25,sparse,26.9,20.3
32→27,sparse,29.0,21.0
32→28,dense,13.2,3.4
32→3,medium,21.3,15.5
32→31,sparse,22.7,13.9
32→32,dense,15.2,6.7
32→33,dense,33.4,24.5
32→34,sparse,12.9,13.0
32→35,sparse,18.4,13.2
32→36,sparse,17.4,13.2
32→38,sparse,19.1,14.6
32→39,sparse,13.9,9.5
32→4,sparse,24.5,18.7
32→40,sparse,25.2,26.2
32→41,medium,21.3,14.8
32→42,sparse,31.8,24.6
32→43,sparse,16.8,12.6
32→44,sparse,17.0,16.2
32→45,sparse,35.5,31.3
32→46,sparse,17.0,16.7
32→49,sparse,19.4,16.5
32→5,sparse,20.7,15.9
32→56,medium,27.6,20.1
32→6,medium,24.4,15.4
32→60,sparse,17.7,14.8
32→68,sparse,22.7,21.0
32→69,sparse,27.5,24.9
32→7,medium,20.2,12.0
32→71,sparse,33.4,42.3
32→73,sparse,22.8,26.2
32→76,dense,40.4,22.5
32→77,medium,18.1,11.5
32→8,dense,12.9,6.0
76→1,medium,14.3,11.8
76→10,medium,15.2,10.5
76→11,sparse,12.8,10.3
76→12,sparse,13.6,11.1
76→13,sparse,10.8,7.6
76→14,sparse,11.0,9.1
76→15,sparse,10.1,8.1
76→16,medium,10.0,7.0
76→17,sparse,15.7,12.4
76→19,sparse,11.8,10.8
76→2,medium,11.3,9.2
76→20,sparse,17.7,19.0
76→21,sparse,13.3,9.2
76→22,medium,11.1,8.0
76→23,sparse,15.1,10.8
76→24,dense,12.2,7.7
76→25,sparse,16.9,15.8
76→28,dense,16.8,7.7
76→3,medium,10.1,7.8
76→31,sparse,16.4,11.3
76→32,dense,27.5,11.0
76→33,medium,47.0,32.5
76→34,sparse,31.1,27.2
76→35,sparse,21.5,20.5
76→38,sparse,21.1,23.8
76→39,sparse,20.7,18.8
76→4,medium,10.4,7.2
76→41,medium,24.5,18.3
76→42,sparse,44.4,33.0
76→43,sparse,20.0,20.1
76→5,medium,12.4,8.1
76→56,sparse,19.8,19.1
76→6,dense,11.0,7.0
76→60,sparse,19.4,15.3
76→7,dense,11.9,5.9
76→76,dense,17.2,6.7
76→77,medium,11.4,8.6
76→8,dense,19.6,8.9
76→9,sparse,19.0,15.1
8→1,sparse,13.3,12.0
8→10,sparse,24.6,18.8
8→11,sparse,31.6,30.7
8→12,sparse,24.2,24.0
8→13,sparse,29.1,19.8
8→14,sparse,15.3,12.9
8→15,sparse,23.6,17.6
8→16,sparse,17.8,14.2
8→19,sparse,23.5,19.8
8→2,sparse,15.2,11.2
8→21,sparse,22.6,17.5
8→22,medium,17.2,11.9
8→23,sparse,18.7,15.7
8→24,dense,15.3,10.7
8→25,sparse,16.7,14.1
8→27,sparse,22.7,17.5
8→28,dense,13.6,5.7
8→29,sparse,49.6,41.5
8→3,medium,19.0,11.6
8→30,sparse,18.1,14.8
8→31,sparse,22.7,18.7
8→32,dense,13.7,7.3
8→33,dense,33.9,20.1
8→34,sparse,18.2,16.9
8→35,sparse,15.2,10.2
8→36,sparse,26.1,22.9
8→37,sparse,24.1,48.8
8→38,sparse,15.4,11.2
8→39,sparse,16.7,13.0
8→4,sparse,16.4,10.7
8→40,sparse,23.5,29.1
8→41,medium,19.6,14.3
8→42,sparse,18.3,13.7
8→43,sparse,20.5,15.2
8→44,sparse,21.1,16.0
8→45,sparse,18.3,20.6
8→46,sparse,15.4,16.3
8→49,sparse,18.5,16.6
8→5,sparse,20.9,13.2
8→56,medium,18.9,12.7
8→6,dense,17.7,9.7
8→60,sparse,18.0,17.0
8→61,sparse,28.7,23.8
8→66,sparse,20.3,40.9
8→67,sparse,21.3,23.9
8→68,sparse,19.9,21.5
8→69,sparse,15.4,13.5
8→7,dense,14.8,6.5
8→71,sparse,20.7,21.5
8→76,dense,24.7,15.4
8→77,medium,15.5,10.4
8→8,dense,10.9,15.8
