corridor_id,tier,week_index,actual,cold_pred,trailing_cold,avg_weekly,ref_pred,cold_error,trailing_error,ref_error
8→6,dense,0,1208,4014.318,,1401.2692307692307,1332.6832,2806.318115234375,,124.6832275390625
8→6,dense,1,1167,4398.3193,1208.0,1401.2692307692307,1535.9414,3231.3193359375,41.0,368.94140625
8→6,dense,2,1556,1462.46,1187.5,1401.2692307692307,1520.0908,93.5400390625,368.5,35.9091796875
8→6,dense,3,1395,1588.2107,1310.3333333333333,1401.2692307692307,1383.8389,193.210693359375,84.66666666666674,11.1611328125
8→6,dense,4,1352,1355.5243,1331.5,1401.2692307692307,1341.3083,3.5242919921875,20.5,10.691650390625
8→6,dense,5,1397,1331.2643,1335.6,1401.2692307692307,1335.4242,65.7357177734375,61.40000000000009,61.5758056640625
8→6,dense,6,1461,1349.8949,1345.8333333333333,1401.2692307692307,1347.9539,111.1051025390625,115.16666666666674,113.046142578125
8→6,dense,7,1302,1196.238,1362.2857142857142,1401.2692307692307,1192.5276,105.761962890625,60.28571428571422,109.472412109375
8→6,dense,8,1170,1229.2875,1354.75,1401.2692307692307,1239.3645,59.2874755859375,184.75,69.364501953125
8→6,dense,9,1414,1156.0725,1334.2222222222222,1401.2692307692307,1161.323,257.927490234375,79.77777777777783,252.677001953125
8→6,dense,10,1390,1438.1598,1342.2,1401.2692307692307,1459.7782,48.1597900390625,47.799999999999955,69.7781982421875
8→6,dense,11,1392,1393.6304,1346.5454545454545,1401.2692307692307,1393.6304,1.63037109375,45.454545454545496,1.63037109375
8→6,dense,12,1714,1262.198,1350.3333333333333,1401.2692307692307,1262.198,451.802001953125,363.66666666666674,451.802001953125
8→6,dense,13,1561,1210.3163,1378.3076923076924,1401.2692307692307,1228.0758,350.6837158203125,182.69230769230762,332.9241943359375
8→6,dense,14,1478,1460.3854,1391.357142857143,1401.2692307692307,1456.0914,17.6146240234375,86.64285714285711,21.9085693359375
8→6,dense,15,1533,1571.5236,1397.1333333333334,1401.2692307692307,1593.7325,38.5235595703125,135.86666666666656,60.7325439453125
8→6,dense,16,1393,1649.1401,1405.625,1401.2692307692307,1629.4106,256.14013671875,12.625,236.41064453125
8→6,dense,17,1457,1347.6947,1404.8823529411766,1401.2692307692307,1404.5812,109.3052978515625,52.11764705882342,52.4188232421875
8→6,dense,18,1250,1241.1011,1407.7777777777778,1401.2692307692307,1253.0527,8.89892578125,157.77777777777783,3.052734375
8→6,dense,19,1468,1259.6521,1399.4736842105262,1401.2692307692307,1259.6521,208.347900390625,68.52631578947376,208.347900390625
8→6,dense,20,1379,1306.4873,1402.9,1401.2692307692307,1294.212,72.5126953125,23.90000000000009,84.7879638671875
8→6,dense,21,862,870.8862,1401.7619047619048,1401.2692307692307,855.2991,8.88623046875,539.7619047619048,6.700927734375
8→6,dense,22,1919,1301.2078,1377.2272727272727,1401.2692307692307,1362.5237,617.792236328125,541.7727272727273,556.476318359375
8→6,dense,23,1890,1200.5752,1400.7826086956522,1401.2692307692307,1048.2737,689.4248046875,489.21739130434776,841.726318359375
8→6,dense,24,1624,987.68427,1421.1666666666667,1401.2692307692307,975.0393,636.3157348632812,202.83333333333326,648.960693359375
8→6,dense,25,701,957.9734,1429.28,1401.2692307692307,964.05664,256.973388671875,728.28,263.056640625
32→28,dense,0,2513,4257.634,,3270.346153846154,2189.8928,1744.6337890625,,323.107177734375
32→28,dense,1,3106,4702.749,2513.0,3270.346153846154,2751.1907,1596.7490234375,593.0,354.809326171875
32→28,dense,2,3374,2526.0713,2809.5,3270.346153846154,2670.882,847.9287109375,564.5,703.117919921875
32→28,dense,3,3262,2688.1064,2997.6666666666665,3270.346153846154,2700.5498,573.8935546875,264.3333333333335,561.4501953125
32→28,dense,4,3218,2771.6523,3063.75,3270.346153846154,2756.8796,446.34765625,154.25,461.120361328125
32→28,dense,5,3241,2708.8625,3094.6,3270.346153846154,2725.159,532.137451171875,146.4000000000001,515.841064453125
32→28,dense,6,3320,2493.3838,3119.0,3270.346153846154,2554.596,826.6162109375,201.0,765.404052734375
32→28,dense,7,3222,2466.1575,3147.714285714286,3270.346153846154,2457.5503,755.842529296875,74.28571428571422,764.44970703125
32→28,dense,8,3171,2463.8967,3157.0,3270.346153846154,2463.8967,707.103271484375,14.0,707.103271484375
32→28,dense,9,2734,1926.2324,3158.5555555555557,3270.346153846154,1907.3315,807.767578125,424.55555555555566,826.66845703125
32→28,dense,10,3339,2626.3323,3116.1,3270.346153846154,2679.957,712.667724609375,222.9000000000001,659.04296875
32→28,dense,11,3687,2706.651,3136.3636363636365,3270.346153846154,2767.4824,980.34912109375,550.6363636363635,919.517578125
32→28,dense,12,3443,2704.9397,3182.25,3270.346153846154,2591.2708,738.060302734375,260.75,851.729248046875
32→28,dense,13,3688,2744.7246,3202.3076923076924,3270.346153846154,2706.2898,943.275390625,485.6923076923076,981.710205078125
32→28,dense,14,3512,3083.2998,3237.0,3270.346153846154,3140.4636,428.7001953125,275.0,371.536376953125
32→28,dense,15,3378,3250.0386,3255.3333333333335,3270.346153846154,3250.0386,127.96142578125,122.66666666666652,127.96142578125
32→28,dense,16,3551,3038.608,3263.0,3270.346153846154,2996.0305,512.39208984375,288.0,554.969482421875
32→28,dense,17,3391,3163.1926,3279.9411764705883,3270.346153846154,3168.2678,227.807373046875,111.05882352941171,222.732177734375
32→28,dense,18,3363,2997.0195,3286.1111111111113,3270.346153846154,3010.412,365.98046875,76.88888888888869,352.587890625
32→28,dense,19,3404,3113.1313,3290.157894736842,3270.346153846154,3121.711,290.86865234375,113.84210526315792,282.2890625
32→28,dense,20,3647,3151.5732,3295.85,3270.346153846154,3211.872,495.4267578125,351.1500000000001,435.1279296875
32→28,dense,21,2249,1555.264,3312.5714285714284,3270.346153846154,1527.162,693.7359619140625,1063.5714285714284,721.8380126953125
32→28,dense,22,3658,2947.1511,3264.2272727272725,3270.346153846154,2965.7312,710.848876953125,393.7727272727275,692.268798828125
32→28,dense,23,4043,3382.1218,3281.3478260869565,3270.346153846154,3448.8113,660.878173828125,761.6521739130435,594.188720703125
32→28,dense,24,3802,3014.8325,3313.0833333333335,3270.346153846154,3014.8325,787.16748046875,488.9166666666665,787.16748046875
32→28,dense,25,1713,1440.806,3332.64,3270.346153846154,1440.806,272.1939697265625,1619.6399999999999,272.1939697265625
8→8,dense,0,8872,5254.5996,,10844.653846153846,4848.17,3617.400390625,,4023.830078125
8→8,dense,1,10056,6491.115,8872.0,10844.653846153846,6491.115,3564.884765625,1184.0,3564.884765625
8→8,dense,2,11248,6279.5195,9464.0,10844.653846153846,6444.8984,4968.48046875,1784.0,4803.1015625
8→8,dense,3,10916,6452.535,10058.666666666666,10844.653846153846,6452.535,4463.46484375,857.3333333333339,4463.46484375
8→8,dense,4,10590,6643.944,10273.0,10844.653846153846,6659.73,3946.05615234375,317.0,3930.27001953125
8→8,dense,5,11115,6463.772,10336.4,10844.653846153846,6473.9736,4651.22802734375,778.6000000000004,4641.0263671875
8→8,dense,6,11286,6336.003,10466.166666666666,10844.653846153846,6344.674,4949.9970703125,819.8333333333339,4941.326171875
8→8,dense,7,10020,6387.623,10583.285714285714,10844.653846153846,6377.1904,3632.376953125,563.2857142857138,3642.8095703125
8→8,dense,8,9860,6298.6,10512.875,10844.653846153846,6159.059,3561.39990234375,652.875,3700.94091796875
8→8,dense,9,9414,6146.232,10440.333333333334,10844.653846153846,6029.6313,3267.76806640625,1026.333333333334,3384.36865234375
8→8,dense,10,10370,6848.6807,10337.7,10844.653846153846,6848.6807,3521.3193359375,32.29999999999927,3521.3193359375
8→8,dense,11,11032,7047.6763,10340.636363636364,10844.653846153846,7049.791,3984.32373046875,691.363636363636,3982.208984375
8→8,dense,12,11232,6509.7446,10398.25,10844.653846153846,6375.3755,4722.25537109375,833.75,4856.62451171875
8→8,dense,13,11051,6507.111,10462.384615384615,10844.653846153846,6507.111,4543.88916015625,588.6153846153848,4543.88916015625
8→8,dense,14,11665,7054.4126,10504.42857142857,10844.653846153846,7070.64,4610.58740234375,1160.5714285714294,4594.35986328125
8→8,dense,15,11774,7089.3564,10581.8,10844.653846153846,7062.083,4684.6435546875,1192.2000000000007,4711.9169921875
8→8,dense,16,11154,6875.8184,10656.3125,10844.653846153846,6867.9194,4278.181640625,497.6875,4286.08056640625
8→8,dense,17,10982,6675.0396,10685.588235294117,10844.653846153846,6696.5874,4306.96044921875,296.4117647058829,4285.41259765625
8→8,dense,18,10429,6714.688,10702.055555555555,10844.653846153846,6716.802,3714.31201171875,273.05555555555475,3712.1982421875
8→8,dense,19,10635,6943.3003,10687.684210526315,10844.653846153846,6968.4185,3691.69970703125,52.68421052631493,3666.58154296875
8→8,dense,20,10715,6931.1963,10685.05,10844.653846153846,6855.0396,3783.8037109375,29.950000000000728,3859.96044921875
8→8,dense,21,8717,4682.031,10686.47619047619,10844.653846153846,4687.769,4034.96923828125,1969.4761904761908,4029.23095703125
8→8,dense,22,13963,6642.4614,10596.954545454546,10844.653846153846,6735.48,7320.53857421875,3366.045454545454,7227.52001953125
8→8,dense,23,13570,6826.863,10743.304347826086,10844.653846153846,6826.863,6743.13720703125,2826.695652173914,6743.13720703125
8→8,dense,24,13250,6369.1494,10861.083333333334,10844.653846153846,6369.1494,6880.8505859375,2388.916666666666,6880.8505859375
8→8,dense,25,8045,3788.472,10956.64,10844.653846153846,3788.472,4256.528076171875,2911.6399999999994,4256.528076171875
8→22,medium,0,164,3996.7983,,229.30769230769232,219.4689,3832.79833984375,,55.468902587890625
8→22,medium,1,222,4279.0396,164.0,229.30769230769232,222.01012,4057.03955078125,58.0,0.0101165771484375
8→22,medium,2,213,494.15884,193.0,229.30769230769232,225.00893,281.1588439941406,20.0,12.008926391601562
8→22,medium,3,197,499.60718,199.66666666666666,229.30769230769232,215.21861,302.607177734375,2.666666666666657,18.218612670898438
8→22,medium,4,180,197.00748,199.0,229.30769230769232,197.65256,17.007476806640625,19.0,17.652557373046875
8→22,medium,5,206,206.55977,195.2,229.30769230769232,206.55977,0.5597686767578125,10.800000000000011,0.5597686767578125
8→22,medium,6,224,202.45601,197.0,229.30769230769232,202.45601,21.543991088867188,27.0,21.543991088867188
8→22,medium,7,197,196.59956,200.85714285714286,229.30769230769232,196.59956,0.4004364013671875,3.857142857142861,0.4004364013671875
8→22,medium,8,209,195.43102,200.375,229.30769230769232,192.90924,13.568984985351562,8.625,16.09075927734375
8→22,medium,9,189,196.29073,201.33333333333334,229.30769230769232,196.29073,7.2907257080078125,12.333333333333343,7.2907257080078125
8→22,medium,10,201,212.10413,200.1,229.30769230769232,212.10413,11.1041259765625,0.9000000000000057,11.1041259765625
8→22,medium,11,222,200.69537,200.1818181818182,229.30769230769232,200.69537,21.30462646484375,21.818181818181813,21.30462646484375
8→22,medium,12,249,196.00696,202.0,229.30769230769232,196.00696,52.9930419921875,47.0,52.9930419921875
8→22,medium,13,230,197.29887,205.6153846153846,229.30769230769232,198.94008,32.70112609863281,24.384615384615387,31.059921264648438
8→22,medium,14,245,221.19952,207.35714285714286,229.30769230769232,221.19952,23.80047607421875,37.64285714285714,23.80047607421875
8→22,medium,15,310,238.58044,209.86666666666667,229.30769230769232,238.58044,71.4195556640625,100.13333333333333,71.4195556640625
8→22,medium,16,266,259.256,216.125,229.30769230769232,259.256,6.743988037109375,49.875,6.743988037109375
8→22,medium,17,264,236.67714,219.05882352941177,229.30769230769232,236.67714,27.322860717773438,44.94117647058823,27.322860717773438
8→22,medium,18,260,252.24184,221.55555555555554,229.30769230769232,253.37242,7.7581634521484375,38.44444444444446,6.6275787353515625
8→22,medium,19,227,254.50749,223.57894736842104,229.30769230769232,256.30063,27.507492065429688,3.4210526315789593,29.300628662109375
8→22,medium,20,254,236.26619,223.75,229.30769230769232,236.26619,17.733810424804688,30.25,17.733810424804688
8→22,medium,21,157,207.39648,225.1904761904762,229.30769230769232,207.39648,50.396484375,68.1904761904762,50.396484375
8→22,medium,22,336,223.84776,222.0909090909091,229.30769230769232,223.84776,112.15223693847656,113.9090909090909,112.15223693847656
8→22,medium,23,325,256.49493,227.04347826086956,229.30769230769232,255.48096,68.50506591796875,97.95652173913044,69.51904296875
8→22,medium,24,282,226.89374,231.125,229.30769230769232,228.3285,55.10626220703125,50.875,53.67149353027344
8→22,medium,25,133,144.92209,233.16,229.30769230769232,141.322,11.922088623046875,100.16,8.322006225585938
8→56,medium,0,234,3893.8276,,333.15384615384613,272.83588,3659.82763671875,,38.83587646484375
8→56,medium,1,332,4187.1206,234.0,333.15384615384613,360.43594,3855.12060546875,98.0,28.435943603515625
8→56,medium,2,367,665.76263,283.0,333.15384615384613,369.69073,298.76263427734375,84.0,2.69073486328125
8→56,medium,3,424,692.06696,311.0,333.15384615384613,350.57755,268.06695556640625,113.0,73.42245483398438
8→56,medium,4,360,388.58762,339.25,333.15384615384613,393.57568,28.587615966796875,20.75,33.57568359375
8→56,medium,5,372,366.63226,343.4,333.15384615384613,366.63226,5.36773681640625,28.600000000000023,5.36773681640625
8→56,medium,6,384,374.16278,348.1666666666667,333.15384615384613,376.6566,9.83721923828125,35.833333333333314,7.343414306640625
8→56,medium,7,403,382.87912,353.2857142857143,333.15384615384613,386.018,20.120880126953125,49.71428571428572,16.98199462890625
8→56,medium,8,344,376.71838,359.5,333.15384615384613,374.1966,32.7183837890625,15.5,30.19659423828125
8→56,medium,9,358,337.31506,357.77777777777777,333.15384615384613,337.31506,20.6849365234375,0.22222222222222854,20.6849365234375
8→56,medium,10,437,374.26602,357.8,333.15384615384613,376.0427,62.733978271484375,79.19999999999999,60.957305908203125
8→56,medium,11,458,406.7914,365.0,333.15384615384613,405.93478,51.208587646484375,93.0,52.065216064453125
8→56,medium,12,441,376.52914,372.75,333.15384615384613,379.9375,64.47085571289062,68.25,61.0625
8→56,medium,13,420,373.0023,378.0,333.15384615384613,372.14566,46.997711181640625,42.0,47.854339599609375
8→56,medium,14,321,423.83456,381.0,333.15384615384613,423.83456,102.83456420898438,60.0,102.83456420898438
8→56,medium,15,419,378.12866,377.0,333.15384615384613,377.90533,40.871337890625,42.0,41.09466552734375
8→56,medium,16,333,404.0365,379.625,333.15384615384613,408.12234,71.0364990234375,46.625,75.12234497070312
8→56,medium,17,263,369.30115,376.88235294117646,333.15384615384613,373.387,106.3011474609375,113.88235294117646,110.38699340820312
8→56,medium,18,336,324.07834,370.55555555555554,333.15384615384613,320.9403,11.921661376953125,34.55555555555554,15.0596923828125
8→56,medium,19,219,364.28464,368.7368421052632,333.15384615384613,365.00772,145.28463745117188,149.73684210526318,146.00772094726562
8→56,medium,20,254,288.42014,361.25,333.15384615384613,293.60324,34.420135498046875,107.25,39.603240966796875
8→56,medium,21,199,276.54727,356.14285714285717,333.15384615384613,277.12335,77.54727172851562,157.14285714285717,78.12335205078125
8→56,medium,22,307,267.69986,349.0,333.15384615384613,271.8418,39.300140380859375,42.0,35.158203125
8→56,medium,23,258,284.35406,347.17391304347825,333.15384615384613,284.35406,26.35406494140625,89.17391304347825,26.35406494140625
8→56,medium,24,258,224.42627,343.4583333333333,333.15384615384613,221.9831,33.57373046875,85.45833333333331,36.01690673828125
8→56,medium,25,161,169.76498,340.04,333.15384615384613,168.17844,8.764984130859375,179.04000000000002,7.178436279296875
8→3,medium,0,353,3996.141,,380.5,310.35736,3643.14111328125,,42.64263916015625
8→3,medium,1,418,4287.286,353.0,380.5,392.5376,3869.2861328125,65.0,25.46240234375
8→3,medium,2,393,703.12286,385.5,380.5,426.51318,310.12286376953125,7.5,33.51318359375
8→3,medium,3,380,698.79285,388.0,380.5,392.73563,318.7928466796875,8.0,12.735626220703125
8→3,medium,4,400,379.3309,386.0,380.5,384.5268,20.669097900390625,14.0,15.47320556640625
8→3,medium,5,337,387.53973,388.8,380.5,387.53973,50.53973388671875,51.80000000000001,50.53973388671875
8→3,medium,6,444,351.10266,380.1666666666667,380.5,354.24155,92.8973388671875,63.833333333333314,89.75845336914062
8→3,medium,7,370,377.334,389.2857142857143,380.5,371.8729,7.334014892578125,19.285714285714278,1.872894287109375
8→3,medium,8,431,362.1662,386.875,380.5,361.30957,68.83380126953125,44.125,69.6904296875
8→3,medium,9,314,354.99603,391.77777777777777,380.5,355.5721,40.99603271484375,77.77777777777777,41.572113037109375
8→3,medium,10,364,370.03497,384.0,380.5,369.81165,6.03497314453125,20.0,5.8116455078125
8→3,medium,11,403,381.5992,382.1818181818182,380.5,381.5992,21.400787353515625,20.818181818181813,21.400787353515625
8→3,medium,12,419,370.9644,383.9166666666667,380.5,371.54047,48.035614013671875,35.083333333333314,47.45953369140625
8→3,medium,13,388,363.47803,386.61538461538464,380.5,363.47803,24.52197265625,1.3846153846153584,24.52197265625
8→3,medium,14,374,392.72278,386.7142857142857,380.5,392.72278,18.7227783203125,12.714285714285722,18.7227783203125
8→3,medium,15,431,393.7654,385.8666666666667,380.5,393.7654,37.234588623046875,45.133333333333326,37.234588623046875
8→3,medium,16,353,402.3801,388.6875,380.5,401.86,49.380096435546875,35.6875,48.8599853515625
8→3,medium,17,351,355.3147,386.5882352941176,380.5,355.3147,4.314697265625,35.588235294117624,4.314697265625
8→3,medium,18,355,355.0843,384.6111111111111,380.5,355.0843,0.08428955078125,29.611111111111086,0.08428955078125
8→3,medium,19,323,371.20187,383.05263157894734,380.5,371.20187,48.201873779296875,60.05263157894734,48.201873779296875
8→3,medium,20,380,338.47766,380.05,380.5,338.47766,41.5223388671875,0.05000000000001137,41.5223388671875
8→3,medium,21,265,266.24734,380.04761904761904,380.5,268.04044,1.247344970703125,115.04761904761904,3.040435791015625
8→3,medium,22,530,324.55292,374.8181818181818,380.5,325.129,205.44708251953125,155.1818181818182,204.87100219726562
8→3,medium,23,529,379.19864,381.5652173913044,380.5,383.32327,149.80136108398438,147.43478260869563,145.67672729492188
8→3,medium,24,405,363.73672,387.7083333333333,380.5,372.9924,41.263275146484375,17.291666666666686,32.007598876953125
8→3,medium,25,183,245.86664,388.4,380.5,245.86664,62.86663818359375,205.39999999999998,62.86663818359375
28→24,medium,0,209,3966.1682,,338.11538461538464,291.77838,3757.168212890625,,82.77838134765625
28→24,medium,1,255,4257.8306,209.0,338.11538461538464,242.96664,4002.83056640625,46.0,12.033355712890625
28→24,medium,2,317,597.664,232.0,338.11538461538464,272.91916,280.66400146484375,85.0,44.080841064453125
28→24,medium,3,307,603.267,260.3333333333333,338.11538461538464,284.81247,296.26702880859375,46.666666666666686,22.187530517578125
28→24,medium,4,301,273.76666,272.0,338.11538461538464,273.76666,27.23333740234375,29.0,27.23333740234375
28→24,medium,5,316,293.25754,277.8,338.11538461538464,285.00607,22.742462158203125,38.19999999999999,30.993927001953125
28→24,medium,6,290,293.99493,284.1666666666667,338.11538461538464,293.99493,3.99493408203125,5.833333333333314,3.99493408203125
28→24,medium,7,267,285.1011,285.0,338.11538461538464,285.1011,18.101104736328125,18.0,18.101104736328125
28→24,medium,8,293,282.18716,282.75,338.11538461538464,279.66537,10.812835693359375,10.25,13.334625244140625
28→24,medium,9,321,296.3811,283.8888888888889,338.11538461538464,296.3811,24.618896484375,37.111111111111086,24.618896484375
28→24,medium,10,322,295.41455,287.6,338.11538461538464,295.41455,26.58544921875,34.39999999999998,26.58544921875
28→24,medium,11,386,305.81818,290.72727272727275,338.11538461538464,310.68378,80.18182373046875,95.27272727272725,75.31622314453125
28→24,medium,12,394,321.91068,298.6666666666667,338.11538461538464,325.04745,72.08932495117188,95.33333333333331,68.95254516601562
28→24,medium,13,391,372.8256,306.0,338.11538461538464,375.96237,18.174407958984375,85.0,15.037628173828125
28→24,medium,14,407,375.69946,312.07142857142856,338.11538461538464,375.69946,31.300537109375,94.92857142857144,31.300537109375
28→24,medium,15,358,394.7445,318.4,338.11538461538464,394.7445,36.7445068359375,39.60000000000002,36.7445068359375
28→24,medium,16,349,367.35175,320.875,338.11538461538464,367.35175,18.35174560546875,28.125,18.35174560546875
28→24,medium,17,363,364.56094,322.52941176470586,338.11538461538464,367.77585,1.560943603515625,40.470588235294144,4.775848388671875
28→24,medium,18,331,390.03412,324.77777777777777,338.11538461538464,390.6792,59.03411865234375,6.2222222222222285,59.67919921875
28→24,medium,19,400,358.54742,325.10526315789474,338.11538461538464,358.54742,41.45257568359375,74.89473684210526,41.45257568359375
28→24,medium,20,344,385.20837,328.85,338.11538461538464,361.98657,41.2083740234375,15.149999999999977,17.986572265625
28→24,medium,21,236,314.6253,329.57142857142856,338.11538461538464,288.98965,78.62530517578125,93.57142857142856,52.989654541015625
28→24,medium,22,478,292.39456,325.3181818181818,338.11538461538464,294.28918,185.60543823242188,152.6818181818182,183.7108154296875
28→24,medium,23,486,396.6571,331.95652173913044,338.11538461538464,409.26605,89.3428955078125,154.04347826086956,76.73394775390625
28→24,medium,24,463,358.53812,338.375,338.11538461538464,353.61707,104.46188354492188,124.625,109.3829345703125
28→24,medium,25,207,276.1766,343.36,338.11538461538464,271.25555,69.17660522460938,136.36,64.25555419921875
32→3,medium,0,143,3992.5908,,183.92307692307693,198.66713,3849.5908203125,,55.66712951660156
32→3,medium,1,156,4271.185,143.0,183.92307692307693,184.56451,4115.18505859375,13.0,28.56451416015625
32→3,medium,2,193,461.0595,149.5,183.92307692307693,186.72495,268.05950927734375,43.5,6.275054931640625
32→3,medium,3,164,470.73663,164.0,183.92307692307693,189.18523,306.73663330078125,0.0,25.185226440429688
32→3,medium,4,218,175.95811,164.0,183.92307692307693,175.95811,42.04188537597656,54.0,42.04188537597656
32→3,medium,5,171,185.47499,174.8,183.92307692307693,189.7642,14.474990844726562,3.8000000000000114,18.764205932617188
32→3,medium,6,200,180.75803,174.16666666666666,183.92307692307693,180.75803,19.241973876953125,25.833333333333343,19.241973876953125
32→3,medium,7,176,184.62221,177.85714285714286,183.92307692307693,186.78639,8.622207641601562,1.8571428571428612,10.786392211914062
32→3,medium,8,203,189.60222,177.625,183.92307692307693,189.60222,13.397781372070312,25.375,13.397781372070312
32→3,medium,9,143,178.69327,180.44444444444446,183.92307692307693,178.69327,35.693267822265625,37.44444444444446,35.693267822265625
32→3,medium,10,177,176.85689,176.7,183.92307692307693,179.89449,0.1431121826171875,0.30000000000001137,2.8944854736328125
32→3,medium,11,200,180.092,176.72727272727272,183.92307692307693,180.092,19.908004760742188,23.27272727272728,19.908004760742188
32→3,medium,12,196,180.66182,178.66666666666666,183.92307692307693,183.86795,15.338180541992188,17.333333333333343,12.132049560546875
32→3,medium,13,190,181.43423,180.0,183.92307692307693,182.07932,8.565765380859375,10.0,7.920684814453125
32→3,medium,14,185,188.5056,180.71428571428572,183.92307692307693,188.5056,3.5055999755859375,4.285714285714278,3.5055999755859375
32→3,medium,15,213,189.39806,181.0,183.92307692307693,189.39806,23.601943969726562,32.0,23.601943969726562
32→3,medium,16,190,198.80577,183.0,183.92307692307693,198.80577,8.805770874023438,7.0,8.805770874023438
32→3,medium,17,203,192.23593,183.41176470588235,183.92307692307693,192.23593,10.764068603515625,19.588235294117652,10.764068603515625
32→3,medium,18,176,191.80597,184.5,183.92307692307693,191.80597,15.80596923828125,8.5,15.80596923828125
32→3,medium,19,192,199.48358,184.05263157894737,183.92307692307693,199.48358,7.48358154296875,7.94736842105263,7.48358154296875
32→3,medium,20,215,184.11707,184.45,183.92307692307693,184.11707,30.8829345703125,30.55000000000001,30.8829345703125
32→3,medium,21,102,167.83183,185.9047619047619,183.92307692307693,167.83183,65.83183288574219,83.9047619047619,65.83183288574219
32→3,medium,22,241,148.33194,182.0909090909091,183.92307692307693,147.4463,92.66806030273438,58.90909090909091,93.55369567871094
32→3,medium,23,247,196.32272,184.65217391304347,183.92307692307693,192.60497,50.677276611328125,62.34782608695653,54.39503479003906
32→3,medium,24,210,179.16225,187.25,183.92307692307693,178.32808,30.837753295898438,22.75,31.671920776367188
32→3,medium,25,78,121.128204,188.16,183.92307692307693,120.29406,43.128204345703125,110.16,42.29405975341797
76→11,sparse,0,65,3893.334,,77.96153846153847,87.25276,3828.333984375,,22.252761840820312
76→11,sparse,1,88,4146.6274,65.0,77.96153846153847,87.087944,4058.62744140625,23.0,0.9120559692382812
76→11,sparse,2,90,384.8002,76.5,77.96153846153847,87.85388,294.8002014160156,13.5,2.1461181640625
76→11,sparse,3,66,387.7175,81.0,77.96153846153847,88.34869,321.7174987792969,15.0,22.34868621826172
76→11,sparse,4,76,81.190025,77.25,77.96153846153847,81.190025,5.190025329589844,1.25,5.190025329589844
76→11,sparse,5,85,83.48886,77.0,77.96153846153847,83.48886,1.511138916015625,8.0,1.511138916015625
76→11,sparse,6,93,84.16054,78.33333333333333,77.96153846153847,84.16054,8.839462280273438,14.666666666666671,8.839462280273438
76→11,sparse,7,85,85.02026,80.42857142857143,77.96153846153847,85.02026,0.020263671875,4.571428571428569,0.020263671875
76→11,sparse,8,66,85.901634,81.0,77.96153846153847,85.901634,19.901634216308594,15.0,19.901634216308594
76→11,sparse,9,70,79.951294,79.33333333333333,77.96153846153847,79.951294,9.9512939453125,9.333333333333329,9.9512939453125
76→11,sparse,10,91,82.45218,78.4,77.96153846153847,82.45218,8.547821044921875,12.599999999999994,8.547821044921875
76→11,sparse,11,76,83.71294,79.54545454545455,77.96153846153847,83.71294,7.7129364013671875,3.5454545454545467,7.7129364013671875
76→11,sparse,12,84,76.824,79.25,77.96153846153847,76.824,7.176002502441406,4.75,7.176002502441406
76→11,sparse,13,89,82.86894,79.61538461538461,77.96153846153847,82.86894,6.1310577392578125,9.384615384615387,6.1310577392578125
76→11,sparse,14,94,87.50755,80.28571428571429,77.96153846153847,87.50755,6.4924468994140625,13.714285714285708,6.4924468994140625
76→11,sparse,15,82,91.263145,81.2,77.96153846153847,91.263145,9.263145446777344,0.7999999999999972,9.263145446777344
76→11,sparse,16,100,90.27703,81.25,77.96153846153847,90.27703,9.722969055175781,18.75,9.722969055175781
76→11,sparse,17,74,90.15604,82.3529411764706,77.96153846153847,90.15604,16.156036376953125,8.352941176470594,16.156036376953125
76→11,sparse,18,79,85.60686,81.88888888888889,77.96153846153847,85.60686,6.6068572998046875,2.8888888888888857,6.6068572998046875
76→11,sparse,19,78,84.30192,81.73684210526316,77.96153846153847,84.30192,6.301918029785156,3.7368421052631646,6.301918029785156
76→11,sparse,20,77,83.71455,81.55,77.96153846153847,83.71455,6.714546203613281,4.549999999999997,6.714546203613281
76→11,sparse,21,66,67.73368,81.33333333333333,77.96153846153847,67.73368,1.7336807250976562,15.333333333333329,1.7336807250976562
76→11,sparse,22,73,79.764206,80.63636363636364,77.96153846153847,79.764206,6.7642059326171875,7.63636363636364,6.7642059326171875
76→11,sparse,23,67,79.33197,80.30434782608695,77.96153846153847,79.33197,12.33197021484375,13.304347826086953,12.33197021484375
76→11,sparse,24,61,71.73886,79.75,77.96153846153847,71.73886,10.738861083984375,18.75,10.738861083984375
76→11,sparse,25,52,54.620335,79.0,77.96153846153847,54.620335,2.6203346252441406,27.0,2.6203346252441406
32→38,sparse,0,41,3994.977,,49.73076923076923,54.985752,3953.97705078125,,13.98575210571289
32→38,sparse,1,55,4264.439,41.0,49.73076923076923,51.622734,4209.43896484375,14.0,3.3772659301757812
32→38,sparse,2,58,365.65976,48.0,49.73076923076923,54.481987,307.6597595214844,10.0,3.5180130004882812
32→38,sparse,3,55,365.65976,51.333333333333336,49.73076923076923,54.481987,310.6597595214844,3.6666666666666643,0.5180130004882812
32→38,sparse,4,61,53.978405,52.25,49.73076923076923,53.978405,7.021595001220703,8.75,7.021595001220703
32→38,sparse,5,51,59.57082,54.0,49.73076923076923,59.57082,8.570819854736328,3.0,8.570819854736328
32→38,sparse,6,39,55.393326,53.5,49.73076923076923,55.393326,16.393325805664062,14.5,16.393325805664062
32→38,sparse,7,60,50.1495,51.42857142857143,49.73076923076923,50.1495,9.85049819946289,8.57142857142857,9.85049819946289
32→38,sparse,8,59,54.361748,52.5,49.73076923076923,54.361748,4.638252258300781,6.5,4.638252258300781
32→38,sparse,9,38,50.66831,53.22222222222222,49.73076923076923,50.66831,12.66830825805664,15.222222222222221,12.66830825805664
32→38,sparse,10,49,50.790844,51.7,49.73076923076923,50.790844,1.7908439636230469,2.700000000000003,1.7908439636230469
32→38,sparse,11,53,53.760952,51.45454545454545,49.73076923076923,53.760952,0.7609519958496094,1.5454545454545467,0.7609519958496094
32→38,sparse,12,51,50.83802,51.583333333333336,49.73076923076923,50.83802,0.16197967529296875,0.5833333333333357,0.16197967529296875
32→38,sparse,13,43,50.7112,51.53846153846154,49.73076923076923,50.7112,7.711200714111328,8.53846153846154,7.711200714111328
32→38,sparse,14,48,52.124386,50.92857142857143,49.73076923076923,52.124386,4.124385833740234,2.9285714285714306,4.124385833740234
32→38,sparse,15,47,53.396973,50.733333333333334,49.73076923076923,53.396973,6.39697265625,3.7333333333333343,6.39697265625
32→38,sparse,16,42,53.396973,50.5,49.73076923076923,53.396973,11.39697265625,8.5,11.39697265625
32→38,sparse,17,43,48.40737,50.0,49.73076923076923,48.40737,5.407371520996094,7.0,5.407371520996094
32→38,sparse,18,54,48.899117,49.611111111111114,49.73076923076923,48.899117,5.100883483886719,4.388888888888886,5.100883483886719
32→38,sparse,19,46,52.043793,49.8421052631579,49.73076923076923,52.043793,6.043792724609375,3.8421052631578974,6.043792724609375
32→38,sparse,20,55,50.310455,49.65,49.73076923076923,50.310455,4.689544677734375,5.350000000000001,4.689544677734375
32→38,sparse,21,33,44.477234,49.904761904761905,49.73076923076923,44.477234,11.47723388671875,16.904761904761905,11.47723388671875
32→38,sparse,22,62,49.332474,49.13636363636363,49.73076923076923,49.332474,12.667526245117188,12.863636363636367,12.667526245117188
32→38,sparse,23,67,55.82665,49.69565217391305,49.73076923076923,55.82665,11.173351287841797,17.304347826086953,11.173351287841797
32→38,sparse,24,56,53.87981,50.416666666666664,49.73076923076923,53.87981,2.120189666748047,5.583333333333336,2.120189666748047
32→38,sparse,25,27,40.470123,50.64,49.73076923076923,40.470123,13.470123291015625,23.64,13.470123291015625
76→25,sparse,0,25,3892.6636,,28.46153846153846,30.911983,3867.66357421875,,5.911983489990234
76→25,sparse,1,32,4140.2324,25.0,28.46153846153846,31.936966,4108.232421875,7.0,0.0630340576171875
76→25,sparse,2,38,338.08914,28.5,28.46153846153846,31.325184,300.0891418457031,9.5,6.674816131591797
76→25,sparse,3,26,339.24124,31.666666666666668,28.46153846153846,31.934782,313.2412414550781,5.666666666666668,5.934782028198242
76→25,sparse,4,31,30.89223,30.25,28.46153846153846,30.89223,0.10777091979980469,0.75,0.10777091979980469
76→25,sparse,5,43,31.325184,30.4,28.46153846153846,31.325184,11.674816131591797,12.600000000000001,11.674816131591797
76→25,sparse,6,36,33.043873,32.5,28.46153846153846,33.043873,2.956127166748047,3.5,2.956127166748047
76→25,sparse,7,28,31.473879,33.0,28.46153846153846,31.473879,3.473878860473633,5.0,3.473878860473633
76→25,sparse,8,33,31.9714,32.375,28.46153846153846,31.9714,1.0286006927490234,0.625,1.0286006927490234
76→25,sparse,9,21,29.764194,32.44444444444444,28.46153846153846,29.764194,8.76419448852539,11.444444444444443,8.76419448852539
76→25,sparse,10,27,31.021635,31.3,28.46153846153846,31.021635,4.021635055541992,4.300000000000001,4.021635055541992
76→25,sparse,11,25,30.648134,30.90909090909091,28.46153846153846,30.648134,5.648134231567383,5.90909090909091,5.648134231567383
76→25,sparse,12,31,28.119333,30.416666666666668,28.46153846153846,28.119333,2.880666732788086,0.5833333333333321,2.880666732788086
76→25,sparse,13,23,28.400402,30.46153846153846,28.46153846153846,28.400402,5.400402069091797,7.46153846153846,5.400402069091797
76→25,sparse,14,31,29.872679,29.928571428571427,28.46153846153846,29.872679,1.1273212432861328,1.071428571428573,1.1273212432861328
76→25,sparse,15,31,31.69713,30.0,28.46153846153846,31.69713,0.6971302032470703,1.0,0.6971302032470703
76→25,sparse,16,26,33.070656,30.0625,28.46153846153846,33.070656,7.070655822753906,4.0625,7.070655822753906
76→25,sparse,17,21,29.144007,29.823529411764707,28.46153846153846,29.144007,8.144006729125977,8.823529411764707,8.144006729125977
76→25,sparse,18,28,28.143984,29.333333333333332,28.46153846153846,28.143984,0.1439838409423828,1.3333333333333321,0.1439838409423828
76→25,sparse,19,30,28.563854,29.263157894736842,28.46153846153846,28.563854,1.4361457824707031,0.7368421052631575,1.4361457824707031
76→25,sparse,20,23,28.712559,29.3,28.46153846153846,28.712559,5.712558746337891,6.300000000000001,5.712558746337891
76→25,sparse,21,29,25.725267,29.0,28.46153846153846,25.725267,3.2747325897216797,0.0,3.2747325897216797
76→25,sparse,22,23,30.283556,29.0,28.46153846153846,30.283556,7.28355598449707,6.0,7.28355598449707
76→25,sparse,23,27,29.075863,28.73913043478261,28.46153846153846,29.075863,2.0758628845214844,1.7391304347826093,2.0758628845214844
76→25,sparse,24,29,26.904013,28.666666666666668,28.46153846153846,26.904013,2.095987319946289,0.33333333333333215,2.095987319946289
76→25,sparse,25,23,23.163914,28.68,28.46153846153846,23.163914,0.16391372680664062,5.68,0.16391372680664062
32→31,sparse,0,50,3969.2656,,83.65384615384616,77.952194,3919.265625,,27.952194213867188
32→31,sparse,1,54,4238.728,50.0,83.65384615384616,68.82771,4184.72802734375,4.0,14.827713012695312
32→31,sparse,2,67,365.24472,52.0,83.65384615384616,62.191883,298.2447204589844,15.0,4.808116912841797
32→31,sparse,3,79,370.84064,57.0,83.65384615384616,62.891895,291.84063720703125,22.0,16.108104705810547
32→31,sparse,4,85,64.155556,62.5,83.65384615384616,64.155556,20.844444274902344,22.5,20.844444274902344
32→31,sparse,5,90,69.058945,67.0,83.65384615384616,69.058945,20.941055297851562,23.0,20.941055297851562
32→31,sparse,6,88,75.09664,70.83333333333333,83.65384615384616,75.09664,12.903358459472656,17.16666666666667,12.903358459472656
32→31,sparse,7,67,77.44674,73.28571428571429,83.65384615384616,77.44674,10.446739196777344,6.285714285714292,10.446739196777344
32→31,sparse,8,68,73.391525,72.5,83.65384615384616,73.391525,5.3915252685546875,4.5,5.3915252685546875
32→31,sparse,9,72,68.13447,72.0,83.65384615384616,68.13447,3.8655319213867188,0.0,3.8655319213867188
32→31,sparse,10,77,70.251564,72.0,83.65384615384616,70.251564,6.748435974121094,5.0,6.748435974121094
32→31,sparse,11,98,68.983315,72.45454545454545,83.65384615384616,68.983315,29.016685485839844,25.545454545454547,29.016685485839844
32→31,sparse,12,101,76.41719,74.58333333333333,83.65384615384616,76.41719,24.582809448242188,26.41666666666667,24.582809448242188
32→31,sparse,13,107,82.37269,76.61538461538461,83.65384615384616,82.37269,24.62731170654297,30.384615384615387,24.62731170654297
32→31,sparse,14,97,88.6725,78.78571428571429,83.65384615384616,88.6725,8.327499389648438,18.214285714285708,8.327499389648438
32→31,sparse,15,107,89.31685,80.0,83.65384615384616,89.31685,17.683151245117188,27.0,17.683151245117188
32→31,sparse,16,97,95.67679,81.6875,83.65384615384616,95.67679,1.323211669921875,15.3125,1.323211669921875
32→31,sparse,17,88,89.35261,82.58823529411765,83.65384615384616,89.35261,1.3526077270507812,5.411764705882348,1.3526077270507812
32→31,sparse,18,83,82.00344,82.88888888888889,83.65384615384616,82.00344,0.9965591430664062,0.11111111111111427,0.9965591430664062
32→31,sparse,19,84,83.44652,82.89473684210526,83.65384615384616,83.44652,0.5534820556640625,1.1052631578947398,0.5534820556640625
32→31,sparse,20,95,80.76253,82.95,83.65384615384616,80.76253,14.237472534179688,12.049999999999997,14.237472534179688
32→31,sparse,21,65,70.808975,83.52380952380952,83.65384615384616,70.808975,5.8089752197265625,18.52380952380952,5.8089752197265625
32→31,sparse,22,126,74.38012,82.68181818181819,83.65384615384616,74.38012,51.61988067626953,43.31818181818181,51.61988067626953
32→31,sparse,23,92,89.70414,84.56521739130434,83.65384615384616,90.34922,2.2958602905273438,7.434782608695656,1.6507797241210938
32→31,sparse,24,95,79.670494,84.875,83.65384615384616,79.670494,15.329505920410156,10.125,15.329505920410156
32→31,sparse,25,43,63.235954,85.28,83.65384615384616,63.235954,20.23595428466797,42.28,20.23595428466797
76→23,sparse,0,30,3892.6636,,32.19230769230769,29.890675,3862.66357421875,,0.10932540893554688
76→23,sparse,1,29,4140.2324,30.0,32.19230769230769,32.01163,4111.232421875,1.0,3.0116310119628906
76→23,sparse,2,27,337.97275,29.5,32.19230769230769,32.01163,310.9727478027344,2.5,5.011631011962891
76→23,sparse,3,31,337.97275,28.666666666666668,32.19230769230769,31.310535,306.9727478027344,2.333333333333332,0.3105354309082031
76→23,sparse,4,30,31.811468,29.25,32.19230769230769,31.811468,1.8114681243896484,0.75,1.8114681243896484
76→23,sparse,5,38,31.310535,29.4,32.19230769230769,31.310535,6.689464569091797,8.600000000000001,6.689464569091797
76→23,sparse,6,39,32.11812,30.833333333333332,32.19230769230769,32.11812,6.8818817138671875,8.166666666666668,6.8818817138671875
76→23,sparse,7,34,33.846706,32.0,32.19230769230769,33.846706,0.15329360961914062,2.0,0.15329360961914062
76→23,sparse,8,29,32.328724,32.25,32.19230769230769,32.328724,3.328723907470703,3.25,3.328723907470703
76→23,sparse,9,31,30.450653,31.88888888888889,32.19230769230769,30.450653,0.549346923828125,0.8888888888888893,0.549346923828125
76→23,sparse,10,40,34.25761,31.8,32.19230769230769,34.25761,5.742389678955078,8.2,5.742389678955078
76→23,sparse,11,41,35.709026,32.54545454545455,32.19230769230769,35.709026,5.290973663330078,8.454545454545453,5.290973663330078
76→23,sparse,12,30,34.252655,33.25,32.19230769230769,34.252655,4.252655029296875,3.25,4.252655029296875
76→23,sparse,13,33,32.84954,33.0,32.19230769230769,32.84954,0.15045928955078125,0.0,0.15045928955078125
76→23,sparse,14,33,34.985798,33.0,32.19230769230769,34.985798,1.9857978820800781,0.0,1.9857978820800781
76→23,sparse,15,32,35.19022,33.0,32.19230769230769,35.19022,3.1902198791503906,1.0,3.1902198791503906
76→23,sparse,16,35,35.19022,32.9375,32.19230769230769,35.19022,0.19021987915039062,2.0625,0.19021987915039062
76→23,sparse,17,33,32.20171,33.05882352941177,32.19230769230769,32.20171,0.7982902526855469,0.05882352941176805,0.7982902526855469
76→23,sparse,18,31,31.592077,33.05555555555556,32.19230769230769,31.592077,0.5920772552490234,2.055555555555557,0.5920772552490234
76→23,sparse,19,38,32.084793,32.94736842105263,32.19230769230769,32.084793,5.9152069091796875,5.05263157894737,5.9152069091796875
76→23,sparse,20,31,32.694424,33.2,32.19230769230769,32.694424,1.6944236755371094,2.200000000000003,1.6944236755371094
76→23,sparse,21,36,28.507704,33.095238095238095,32.19230769230769,28.507704,7.49229621887207,2.904761904761905,7.49229621887207
76→23,sparse,22,37,33.489964,33.22727272727273,32.19230769230769,33.489964,3.5100364685058594,3.7727272727272734,3.5100364685058594
76→23,sparse,23,20,33.78591,33.391304347826086,32.19230769230769,33.78591,13.785911560058594,13.391304347826086,13.785911560058594
76→23,sparse,24,27,28.458742,32.833333333333336,32.19230769230769,28.458742,1.4587421417236328,5.833333333333336,1.4587421417236328
76→23,sparse,25,22,24.794508,32.6,32.19230769230769,24.794508,2.7945079803466797,10.600000000000001,2.7945079803466797
32→35,sparse,0,83,3995.6475,,98.0,94.56496,3912.6474609375,,11.564956665039062
32→35,sparse,1,113,4267.6646,83.0,98.0,99.26723,4154.66455078125,30.0,13.732772827148438
32→35,sparse,2,123,399.80466,98.0,98.0,103.58799,276.8046569824219,25.0,19.412010192871094
32→35,sparse,3,98,409.02957,106.33333333333333,98.0,101.19811,311.0295715332031,8.333333333333329,3.1981124877929688
32→35,sparse,4,84,101.15516,104.25,98.0,101.15516,17.15515899658203,20.25,17.15515899658203
32→35,sparse,5,106,98.37932,100.2,98.0,98.37932,7.6206817626953125,5.799999999999997,7.6206817626953125
32→35,sparse,6,95,101.58492,101.16666666666667,98.0,101.58492,6.584922790527344,6.166666666666671,6.584922790527344
32→35,sparse,7,78,89.77289,100.28571428571429,98.0,89.77289,11.77288818359375,22.285714285714292,11.77288818359375
32→35,sparse,8,95,85.211006,97.5,98.0,85.211006,9.788993835449219,2.5,9.788993835449219
32→35,sparse,9,74,86.8244,97.22222222222223,98.0,86.8244,12.82440185546875,23.22222222222223,12.82440185546875
32→35,sparse,10,83,84.85365,94.9,98.0,84.85365,1.8536529541015625,11.900000000000006,1.8536529541015625
32→35,sparse,11,126,84.61594,93.81818181818181,98.0,84.61594,41.384063720703125,32.18181818181819,41.384063720703125
32→35,sparse,12,106,92.37577,96.5,98.0,92.37577,13.624229431152344,9.5,13.624229431152344
32→35,sparse,13,124,88.47956,97.23076923076923,98.0,88.47956,35.52043914794922,26.769230769230774,35.52043914794922
32→35,sparse,14,97,106.20213,99.14285714285714,98.0,106.20213,9.202133178710938,2.142857142857139,9.202133178710938
32→35,sparse,15,67,104.382385,99.0,98.0,104.382385,37.38238525390625,32.0,37.38238525390625
32→35,sparse,16,92,89.363106,97.0,98.0,89.363106,2.6368942260742188,5.0,2.6368942260742188
32→35,sparse,17,91,90.032486,96.70588235294117,98.0,90.032486,0.9675140380859375,5.705882352941174,0.9675140380859375
32→35,sparse,18,81,85.47447,96.38888888888889,98.0,85.47447,4.4744720458984375,15.388888888888886,4.4744720458984375
32→35,sparse,19,73,83.45582,95.57894736842105,98.0,83.45582,10.455818176269531,22.578947368421055,10.455818176269531
32→35,sparse,20,109,82.321434,94.45,98.0,82.321434,26.678565979003906,14.549999999999997,26.678565979003906
32→35,sparse,21,88,77.88064,95.14285714285714,98.0,77.88064,10.119361877441406,7.142857142857139,10.119361877441406
32→35,sparse,22,134,87.586716,94.81818181818181,98.0,87.586716,46.41328430175781,39.18181818181819,46.41328430175781
32→35,sparse,23,128,105.80886,96.52173913043478,98.0,106.939445,22.191139221191406,31.47826086956522,21.06055450439453
32→35,sparse,24,127,104.77227,97.83333333333333,98.0,103.73046,22.22772979736328,29.16666666666667,23.26953887939453
32→35,sparse,25,73,85.22748,99.0,98.0,85.63703,12.22747802734375,26.0,12.637031555175781
8→37,sparse,0,15,3892.3237,,10.461538461538462,15.082594,3877.32373046875,,0.08259391784667969
8→37,sparse,1,14,4158.6924,15.0,10.461538461538462,16.815178,4144.6923828125,1.0,2.8151779174804688
8→37,sparse,2,21,332.28094,14.5,10.461538461538462,15.758015,311.28094482421875,6.5,5.241985321044922
8→37,sparse,3,13,333.33813,16.666666666666668,10.461538461538462,16.16587,320.338134765625,3.666666666666668,3.1658706665039062
8→37,sparse,4,15,16.52123,15.75,10.461538461538462,16.52123,1.521230697631836,0.75,1.521230697631836
8→37,sparse,5,10,16.303703,15.6,10.461538461538462,16.303703,6.303703308105469,5.6,6.303703308105469
8→37,sparse,6,8,15.117175,14.666666666666666,10.461538461538462,15.117175,7.117175102233887,6.666666666666666,7.117175102233887
8→37,sparse,7,10,14.358714,13.714285714285714,10.461538461538462,14.358714,4.3587141036987305,3.7142857142857135,4.3587141036987305
8→37,sparse,8,10,14.854055,13.25,10.461538461538462,14.854055,4.854055404663086,3.25,4.854055404663086
8→37,sparse,9,5,13.737593,12.88888888888889,10.461538461538462,13.737593,8.737592697143555,7.888888888888889,8.737592697143555
8→37,sparse,10,13,16.333601,12.1,10.461538461538462,16.333601,3.3336009979248047,0.9000000000000004,3.3336009979248047
8→37,sparse,11,9,16.333601,12.181818181818182,10.461538461538462,16.333601,7.333600997924805,3.1818181818181817,7.333600997924805
8→37,sparse,12,7,15.35618,11.916666666666666,10.461538461538462,15.35618,8.356180191040039,4.916666666666666,8.356180191040039
8→37,sparse,13,12,15.520863,11.538461538461538,10.461538461538462,15.520863,3.520862579345703,0.4615384615384617,3.520862579345703
8→37,sparse,14,6,16.333601,11.571428571428571,10.461538461538462,16.333601,10.333600997924805,5.571428571428571,10.333600997924805
8→37,sparse,15,8,16.195803,11.2,10.461538461538462,16.195803,8.195802688598633,3.1999999999999993,8.195802688598633
8→37,sparse,16,11,16.195803,11.0,10.461538461538462,16.195803,5.195802688598633,0.0,5.195802688598633
8→37,sparse,17,6,14.680761,11.0,10.461538461538462,14.680761,8.680761337280273,5.0,8.680761337280273
8→37,sparse,18,14,14.680761,10.722222222222221,10.461538461538462,14.680761,0.6807613372802734,3.2777777777777786,0.6807613372802734
8→37,sparse,19,6,15.173474,10.894736842105264,10.461538461538462,15.173474,9.173474311828613,4.894736842105264,9.173474311828613
8→37,sparse,20,10,15.173474,10.65,10.461538461538462,15.173474,5.173474311828613,0.6500000000000004,5.173474311828613
8→37,sparse,21,4,11.799438,10.619047619047619,10.461538461538462,11.799438,7.7994384765625,6.619047619047619,7.7994384765625
8→37,sparse,22,12,15.969024,10.318181818181818,10.461538461538462,15.969024,3.9690237045288086,1.6818181818181817,3.9690237045288086
8→37,sparse,23,6,15.740557,10.391304347826088,10.461538461538462,15.740557,9.740556716918945,4.391304347826088,9.740556716918945
8→37,sparse,24,15,14.017373,10.208333333333334,10.461538461538462,14.017373,0.9826269149780273,4.791666666666666,0.9826269149780273
8→37,sparse,25,12,9.830936,10.4,10.461538461538462,9.830936,2.1690635681152344,1.5999999999999996,2.1690635681152344
28→23,sparse,0,14,3994.6372,,19.23076923076923,15.374812,3980.63720703125,,1.374812126159668
28→23,sparse,1,8,4260.409,14.0,19.23076923076923,15.08611,4252.4091796875,6.0,7.0861101150512695
28→23,sparse,2,23,331.89755,11.0,19.23076923076923,14.703986,308.8975524902344,12.0,8.296013832092285
28→23,sparse,3,8,333.4804,15.0,19.23076923076923,17.428947,325.48040771484375,7.0,9.428947448730469
28→23,sparse,4,15,14.662989,13.25,19.23076923076923,14.662989,0.33701133728027344,1.75,0.33701133728027344
28→23,sparse,5,16,14.871002,13.6,19.23076923076923,14.871002,1.128997802734375,2.4000000000000004,1.128997802734375
28→23,sparse,6,18,14.690497,14.0,19.23076923076923,14.690497,3.309502601623535,4.0,3.309502601623535
28→23,sparse,7,14,14.375087,14.571428571428571,19.23076923076923,14.375087,0.37508678436279297,0.5714285714285712,0.37508678436279297
28→23,sparse,8,16,15.397518,14.5,19.23076923076923,15.397518,0.6024818420410156,1.5,0.6024818420410156
28→23,sparse,9,16,14.779615,14.666666666666666,19.23076923076923,14.779615,1.2203845977783203,1.333333333333334,1.2203845977783203
28→23,sparse,10,22,17.555536,14.8,19.23076923076923,17.555536,4.444463729858398,7.199999999999999,4.444463729858398
28→23,sparse,11,17,18.796412,15.454545454545455,19.23076923076923,18.796412,1.7964115142822266,1.545454545454545,1.7964115142822266
28→23,sparse,12,21,16.63905,15.583333333333334,19.23076923076923,16.63905,4.360950469970703,5.416666666666666,4.360950469970703
28→23,sparse,13,21,17.048903,16.0,19.23076923076923,17.048903,3.9510974884033203,5.0,3.9510974884033203
28→23,sparse,14,25,18.041555,16.357142857142858,19.23076923076923,18.041555,6.958444595336914,8.642857142857142,6.958444595336914
28→23,sparse,15,12,19.718906,16.933333333333334,19.23076923076923,19.718906,7.718906402587891,4.933333333333334,7.718906402587891
28→23,sparse,16,11,17.644608,16.625,19.23076923076923,17.644608,6.6446075439453125,5.625,6.6446075439453125
28→23,sparse,17,19,15.735693,16.294117647058822,19.23076923076923,15.735693,3.2643070220947266,2.7058823529411775,3.2643070220947266
28→23,sparse,18,22,16.143553,16.444444444444443,19.23076923076923,16.143553,5.856447219848633,5.555555555555557,5.856447219848633
28→23,sparse,19,29,17.636292,16.736842105263158,19.23076923076923,17.636292,11.36370849609375,12.263157894736842,11.36370849609375
28→23,sparse,20,20,17.881462,17.35,19.23076923076923,17.881462,2.1185379028320312,2.6499999999999986,2.1185379028320312
28→23,sparse,21,22,15.559375,17.476190476190474,19.23076923076923,15.559375,6.440625190734863,4.5238095238095255,6.440625190734863
28→23,sparse,22,37,20.760191,17.681818181818183,19.23076923076923,20.760191,16.239809036254883,19.318181818181817,16.239809036254883
28→23,sparse,23,29,23.607632,18.52173913043478,19.23076923076923,23.607632,5.392368316650391,10.478260869565219,5.392368316650391
28→23,sparse,24,34,20.728828,18.958333333333332,19.23076923076923,20.728828,13.271171569824219,15.041666666666668,13.271171569824219
28→23,sparse,25,11,18.139616,19.56,19.23076923076923,18.139616,7.139616012573242,8.559999999999999,7.139616012573242
28→14,sparse,0,13,3892.3237,,17.23076923076923,21.127422,3879.32373046875,,8.127422332763672
28→14,sparse,1,28,4158.5254,13.0,17.23076923076923,20.41605,4130.525390625,15.0,7.583950042724609
28→14,sparse,2,21,335.43304,20.5,17.23076923076923,20.407158,314.43304443359375,0.5,0.5928421020507812
28→14,sparse,3,18,334.62894,20.666666666666668,17.23076923076923,19.555836,316.6289367675781,2.666666666666668,1.5558357238769531
28→14,sparse,4,18,18.976553,20.0,17.23076923076923,18.976553,0.9765529632568359,2.0,0.9765529632568359
28→14,sparse,5,24,19.407131,19.6,17.23076923076923,19.407131,4.592868804931641,4.399999999999999,4.592868804931641
28→14,sparse,6,21,19.131119,20.333333333333332,17.23076923076923,19.131119,1.8688812255859375,0.6666666666666679,1.8688812255859375
28→14,sparse,7,20,18.279797,20.428571428571427,17.23076923076923,18.279797,1.7202033996582031,0.42857142857142705,1.7202033996582031
28→14,sparse,8,15,18.626432,20.375,17.23076923076923,18.626432,3.626432418823242,5.375,3.626432418823242
28→14,sparse,9,18,17.089218,19.77777777777778,17.23076923076923,17.089218,0.9107818603515625,1.7777777777777786,0.9107818603515625
28→14,sparse,10,17,19.860804,19.6,17.23076923076923,19.860804,2.8608036041259766,2.6000000000000014,2.8608036041259766
28→14,sparse,11,20,19.860804,19.363636363636363,17.23076923076923,19.860804,0.13919639587402344,0.6363636363636367,0.13919639587402344
28→14,sparse,12,24,18.703468,19.416666666666668,17.23076923076923,18.703468,5.296531677246094,4.583333333333332,5.296531677246094
28→14,sparse,13,18,19.93123,19.76923076923077,17.23076923076923,19.93123,1.9312305450439453,1.76923076923077,1.9312305450439453
28→14,sparse,14,18,20.254679,19.642857142857142,17.23076923076923,20.254679,2.254678726196289,1.6428571428571423,2.254678726196289
28→14,sparse,15,16,19.968178,19.533333333333335,17.23076923076923,19.968178,3.9681777954101562,3.533333333333335,3.9681777954101562
28→14,sparse,16,12,19.72734,19.3125,17.23076923076923,19.72734,7.7273406982421875,7.3125,7.7273406982421875
28→14,sparse,17,19,17.800112,18.88235294117647,17.23076923076923,17.800112,1.1998882293701172,0.117647058823529,1.1998882293701172
28→14,sparse,18,13,18.207972,18.88888888888889,17.23076923076923,18.207972,5.207971572875977,5.888888888888889,5.207971572875977
28→14,sparse,19,14,17.222761,18.57894736842105,17.23076923076923,17.222761,3.2227611541748047,4.578947368421051,3.2227611541748047
28→14,sparse,20,13,17.222761,18.35,17.23076923076923,17.222761,4.222761154174805,5.350000000000001,4.222761154174805
28→14,sparse,21,16,14.255201,18.095238095238095,17.23076923076923,14.255201,1.7447986602783203,2.095238095238095,1.7447986602783203
28→14,sparse,22,14,17.426859,18.0,17.23076923076923,17.426859,3.426858901977539,4.0,3.426858901977539
28→14,sparse,23,10,17.413506,17.82608695652174,17.23076923076923,17.413506,7.413505554199219,7.826086956521738,7.413505554199219
28→14,sparse,24,11,15.308207,17.5,17.23076923076923,15.308207,4.308206558227539,6.5,4.308206558227539
28→14,sparse,25,17,11.36122,17.24,17.23076923076923,11.36122,5.638779640197754,0.23999999999999844,5.638779640197754
32→43,sparse,0,78,3893.334,,79.42307692307692,73.82226,3815.333984375,,4.177742004394531
32→43,sparse,1,88,4166.422,78.0,79.42307692307692,78.74298,4078.421875,10.0,9.25701904296875
32→43,sparse,2,75,394.43436,83.0,79.42307692307692,81.96965,319.4343566894531,8.0,6.9696502685546875
32→43,sparse,3,93,394.38214,80.33333333333333,79.42307692307692,79.006676,301.38214111328125,12.666666666666671,13.993324279785156
32→43,sparse,4,99,85.36456,83.5,79.42307692307692,85.36456,13.63543701171875,15.5,13.63543701171875
32→43,sparse,5,105,91.63712,86.6,79.42307692307692,91.63712,13.362876892089844,18.400000000000006,13.362876892089844
32→43,sparse,6,97,93.88197,89.66666666666667,79.42307692307692,93.88197,3.1180267333984375,7.333333333333329,3.1180267333984375
32→43,sparse,7,93,92.09235,90.71428571428571,79.42307692307692,92.09235,0.90765380859375,2.285714285714292,0.90765380859375
32→43,sparse,8,95,91.661354,91.0,79.42307692307692,91.661354,3.3386459350585938,4.0,3.3386459350585938
32→43,sparse,9,81,88.21753,91.44444444444444,79.42307692307692,88.21753,7.217529296875,10.444444444444443,7.217529296875
32→43,sparse,10,94,89.470795,90.4,79.42307692307692,89.470795,4.529205322265625,3.5999999999999943,4.529205322265625
32→43,sparse,11,109,90.45691,90.72727272727273,79.42307692307692,90.45691,18.5430908203125,18.272727272727266,18.5430908203125
32→43,sparse,12,97,92.13349,92.25,79.42307692307692,92.13349,4.866508483886719,4.75,4.866508483886719
32→43,sparse,13,103,90.2558,92.61538461538461,79.42307692307692,90.2558,12.74420166015625,10.384615384615387,12.74420166015625
32→43,sparse,14,68,98.918816,93.35714285714286,79.42307692307692,98.918816,30.91881561279297,25.35714285714286,30.91881561279297
32→43,sparse,15,68,90.75623,91.66666666666667,79.42307692307692,90.75623,22.75623321533203,23.66666666666667,22.75623321533203
32→43,sparse,16,58,84.73687,90.1875,79.42307692307692,84.73687,26.73686981201172,32.1875,26.73686981201172
32→43,sparse,17,60,76.81208,88.29411764705883,79.42307692307692,76.81208,16.81208038330078,28.294117647058826,16.81208038330078
32→43,sparse,18,70,70.232086,86.72222222222223,79.42307692307692,70.232086,0.232086181640625,16.72222222222223,0.232086181640625
32→43,sparse,19,63,71.73313,85.84210526315789,79.42307692307692,71.73313,8.733131408691406,22.84210526315789,8.733131408691406
32→43,sparse,20,67,71.73313,84.7,79.42307692307692,71.73313,4.733131408691406,17.700000000000003,4.733131408691406
32→43,sparse,21,43,58.888012,83.85714285714286,79.42307692307692,58.888012,15.888011932373047,40.85714285714286,15.888011932373047
32→43,sparse,22,68,65.746254,82.0,79.42307692307692,65.746254,2.2537460327148438,14.0,2.2537460327148438
32→43,sparse,23,65,72.096436,81.3913043478261,79.42307692307692,72.096436,7.096435546875,16.391304347826093,7.096435546875
32→43,sparse,24,81,69.13756,80.70833333333333,79.42307692307692,69.13756,11.862442016601562,0.2916666666666714,11.862442016601562
32→43,sparse,25,47,50.532635,80.72,79.42307692307692,50.532635,3.532634735107422,33.72,3.532634735107422
8→44,sparse,0,74,3893.334,,81.0,81.15289,3819.333984375,,7.15289306640625
8→44,sparse,1,78,4165.351,74.0,81.0,82.35944,4087.35107421875,4.0,4.359443664550781
8→44,sparse,2,98,390.30286,76.0,81.0,82.09575,292.3028564453125,22.0,15.904251098632812
8→44,sparse,3,100,395.12946,83.33333333333333,81.0,86.28746,295.12945556640625,16.66666666666667,13.712539672851562
8→44,sparse,4,94,90.10395,87.5,81.0,90.10395,3.8960494995117188,6.5,3.8960494995117188
8→44,sparse,5,94,90.49929,88.8,81.0,90.49929,3.5007095336914062,5.200000000000003,3.5007095336914062
8→44,sparse,6,105,89.77289,89.66666666666667,81.0,89.77289,15.22711181640625,15.333333333333329,15.22711181640625
8→44,sparse,7,107,92.61522,91.85714285714286,81.0,92.61522,14.384780883789062,15.142857142857139,14.384780883789062
8→44,sparse,8,108,96.04614,93.75,81.0,96.04614,11.953857421875,14.25,11.953857421875
8→44,sparse,9,103,97.20357,95.33333333333333,81.0,97.20357,5.7964324951171875,7.666666666666671,5.7964324951171875
8→44,sparse,10,108,102.6719,96.1,81.0,102.6719,5.328102111816406,11.900000000000006,5.328102111816406
8→44,sparse,11,117,102.6719,97.18181818181819,81.0,102.6719,14.328102111816406,19.818181818181813,14.328102111816406
8→44,sparse,12,107,101.33568,98.83333333333333,81.0,101.33568,5.6643218994140625,8.166666666666671,5.6643218994140625
8→44,sparse,13,93,101.00803,99.46153846153847,81.0,101.00803,8.008033752441406,6.461538461538467,8.008033752441406
8→44,sparse,14,54,99.82956,99.0,81.0,99.82956,45.829559326171875,45.0,45.829559326171875
8→44,sparse,15,56,86.72246,96.0,81.0,91.15875,30.722457885742188,40.0,35.15875244140625
8→44,sparse,16,59,78.71408,93.5,81.0,81.24337,19.714080810546875,34.5,22.243370056152344
8→44,sparse,17,62,67.9768,91.47058823529412,81.0,67.9768,5.976799011230469,29.470588235294116,5.976799011230469
8→44,sparse,18,85,68.008804,89.83333333333333,81.0,68.008804,16.991195678710938,4.833333333333329,16.991195678710938
8→44,sparse,19,75,72.187675,89.57894736842105,81.0,72.187675,2.8123245239257812,14.578947368421055,2.8123245239257812
8→44,sparse,20,53,72.15429,88.85,81.0,72.15429,19.15428924560547,35.849999999999994,19.15428924560547
8→44,sparse,21,44,57.715874,87.14285714285714,81.0,57.715874,13.715873718261719,43.14285714285714,13.715873718261719
8→44,sparse,22,58,66.412155,85.18181818181819,81.0,66.412155,8.412155151367188,27.181818181818187,8.412155151367188
8→44,sparse,23,69,67.67735,84.0,81.0,67.67735,1.3226470947265625,15.0,1.3226470947265625
8→44,sparse,24,66,67.48652,83.375,81.0,66.699486,1.4865188598632812,17.375,0.6994857788085938
8→44,sparse,25,39,54.54816,82.68,81.0,54.54816,15.548160552978516,43.68000000000001,15.548160552978516
28→42,sparse,0,30,3892.6636,,39.34615384615385,36.861713,3862.66357421875,,6.861713409423828
28→42,sparse,1,44,4160.027,30.0,39.34615384615385,37.75805,4116.02685546875,14.0,6.241950988769531
28→42,sparse,2,45,352.37988,37.0,39.34615384615385,40.566536,307.3798828125,8.0,4.433464050292969
28→42,sparse,3,55,353.91818,39.666666666666664,39.34615384615385,40.20296,298.9181823730469,15.333333333333336,14.797039031982422
28→42,sparse,4,45,43.171116,43.5,39.34615384615385,43.171116,1.8288841247558594,1.5,1.8288841247558594
28→42,sparse,5,41,43.883846,43.8,39.34615384615385,43.883846,2.8838462829589844,2.799999999999997,2.8838462829589844
28→42,sparse,6,41,41.465122,43.333333333333336,39.34615384615385,41.465122,0.4651222229003906,2.3333333333333357,0.4651222229003906
28→42,sparse,7,38,41.465122,43.0,39.34615384615385,41.465122,3.4651222229003906,5.0,3.4651222229003906
28→42,sparse,8,39,39.25734,42.375,39.34615384615385,39.25734,0.2573394775390625,3.375,0.2573394775390625
28→42,sparse,9,37,36.971832,42.0,39.34615384615385,36.971832,0.028167724609375,5.0,0.028167724609375
28→42,sparse,10,55,39.998013,41.5,39.34615384615385,39.998013,15.00198745727539,13.5,15.00198745727539
28→42,sparse,11,48,44.172367,42.72727272727273,39.34615384615385,44.172367,3.8276329040527344,5.272727272727273,3.8276329040527344
28→42,sparse,12,55,41.86211,43.166666666666664,39.34615384615385,41.86211,13.137889862060547,11.833333333333336,13.137889862060547
28→42,sparse,13,48,45.274277,44.07692307692308,39.34615384615385,45.274277,2.7257232666015625,3.92307692307692,2.7257232666015625
28→42,sparse,14,37,46.42281,44.357142857142854,39.34615384615385,46.42281,9.422809600830078,7.357142857142854,9.422809600830078
28→42,sparse,15,36,43.5375,43.86666666666667,39.34615384615385,43.5375,7.537498474121094,7.866666666666667,7.537498474121094
28→42,sparse,16,36,40.599083,43.375,39.34615384615385,40.599083,4.599082946777344,7.375,4.599082946777344
28→42,sparse,17,41,38.83692,42.94117647058823,39.34615384615385,38.83692,2.1630783081054688,1.941176470588232,2.1630783081054688
28→42,sparse,18,35,39.186974,42.833333333333336,39.34615384615385,39.186974,4.186973571777344,7.833333333333336,4.186973571777344
28→42,sparse,19,26,37.427765,42.421052631578945,39.34615384615385,37.427765,11.427764892578125,16.421052631578945,11.427764892578125
28→42,sparse,20,46,36.701767,41.6,39.34615384615385,36.701767,9.298233032226562,4.399999999999999,9.298233032226562
28→42,sparse,21,31,34.50207,41.80952380952381,39.34615384615385,34.50207,3.5020713806152344,10.80952380952381,3.5020713806152344
28→42,sparse,22,33,37.613693,41.31818181818182,39.34615384615385,37.613693,4.6136932373046875,8.31818181818182,4.6136932373046875
28→42,sparse,23,38,36.45328,40.95652173913044,39.34615384615385,36.45328,1.5467185974121094,2.9565217391304373,1.5467185974121094
28→42,sparse,24,23,36.110966,40.833333333333336,39.34615384615385,36.110966,13.110965728759766,17.833333333333336,13.110965728759766
28→42,sparse,25,20,27.19891,40.12,39.34615384615385,27.19891,7.198909759521484,20.119999999999997,7.198909759521484
