corridor_id,tier,avg_weekly,global_mae,pc_mae,global_wins
28→1,sparse,44.7,6.2,9.4,1
28→10,sparse,25.7,6.4,7.0,1
28→14,sparse,17.2,3.5,3.8,1
28→15,sparse,18.3,3.9,4.2,1
28→16,sparse,27.8,3.7,6.2,1
28→19,sparse,12.9,3.8,4.6,1
28→2,sparse,27.5,4.4,5.2,1
28→21,sparse,22.0,5.4,6.0,1
28→22,sparse,80.3,13.1,13.0,0
28→23,sparse,19.2,5.1,5.9,1
28→24,medium,338.1,40.7,58.3,1
28→25,sparse,28.5,6.8,10.9,1
28→27,sparse,28.7,5.4,8.3,1
28→28,dense,2400.9,193.3,302.4,1
28→29,sparse,26.2,8.0,9.3,1
28→3,sparse,127.8,12.5,13.4,1
28→31,sparse,76.0,10.5,17.8,1
28→32,dense,3450.4,269.2,382.9,1
28→33,medium,519.3,82.8,111.9,1
28→34,sparse,59.9,9.9,11.2,1
28→35,sparse,74.9,10.0,13.0,1
28→36,sparse,12.8,3.2,4.9,1
28→38,sparse,58.7,7.2,8.0,1
28→39,sparse,51.1,7.4,6.5,0
28→4,sparse,25.9,4.6,4.9,1
28→40,sparse,15.2,3.2,3.6,1
28→41,sparse,100.2,8.8,11.4,1
28→42,sparse,39.3,6.1,7.9,1
28→43,sparse,88.5,9.7,17.6,1
28→44,sparse,98.8,16.2,34.1,1
28→46,sparse,22.4,6.4,7.2,1
28→49,sparse,54.8,12.0,17.8,1
28→5,sparse,31.9,6.5,6.9,1
28→56,sparse,64.5,12.6,14.1,1
28→6,medium,336.8,43.6,44.1,1
28→60,sparse,28.2,6.3,7.8,1
28→61,sparse,13.7,3.5,4.3,1
28→66,sparse,14.4,3.8,4.1,1
28→67,sparse,12.2,5.2,9.0,1
28→68,sparse,23.5,5.2,6.7,1
28→69,sparse,50.0,8.5,16.4,1
28→7,medium,343.1,39.5,64.9,1
28→71,sparse,33.9,6.9,8.6,1
28→73,sparse,27.6,5.5,6.2,1
28→76,medium,162.2,25.1,31.8,1
28→77,sparse,88.3,7.1,15.9,1
28→8,dense,4150.6,343.1,396.6,1
32→1,sparse,69.7,9.1,21.1,1
32→10,sparse,20.0,4.2,5.1,1
32→11,sparse,11.2,4.3,4.5,1
32→12,sparse,11.4,3.4,3.6,1
32→14,sparse,18.5,4.3,4.2,0
32→15,sparse,16.7,4.6,6.1,1
32→16,sparse,35.6,6.6,7.5,1
32→2,sparse,53.3,7.2,11.1,1
32→21,sparse,23.9,5.7,6.4,1
32→22,sparse,108.1,17.2,18.7,1
32→23,sparse,13.9,2.1,3.5,1
32→24,medium,433.8,57.9,72.4,1
32→25,sparse,19.5,4.4,4.9,1
32→27,sparse,21.5,5.1,4.6,0
32→28,dense,3270.3,190.7,310.0,1
32→3,medium,183.9,24.6,29.8,1
32→31,sparse,83.7,13.8,15.9,1
32→32,dense,5430.9,340.4,532.2,1
32→33,dense,1360.0,349.0,411.0,1
32→34,sparse,107.0,14.9,27.7,1
32→35,sparse,98.0,15.7,17.2,1
32→36,sparse,22.1,3.9,4.3,1
32→38,sparse,49.7,7.1,8.5,1
32→39,sparse,53.3,5.7,13.4,1
32→4,sparse,43.9,7.6,7.1,0
32→40,sparse,14.9,3.5,3.6,1
32→41,medium,164.9,24.6,28.2,1
32→42,sparse,33.3,7.6,7.2,0
32→43,sparse,79.4,9.8,18.9,1
32→44,sparse,70.9,13.7,24.2,1
32→45,sparse,15.9,4.7,5.4,1
32→46,sparse,30.8,5.5,5.4,0
32→49,sparse,29.4,4.9,5.4,1
32→5,sparse,57.2,8.2,11.9,1
32→56,medium,288.0,55.4,72.3,1
32→6,medium,626.5,67.3,67.5,1
32→60,sparse,39.1,6.8,9.6,1
32→68,sparse,18.0,3.5,5.4,1
32→69,sparse,43.5,8.1,12.4,1
32→7,medium,734.7,74.5,89.3,1
32→71,sparse,16.4,5.9,6.7,1
32→73,sparse,12.9,2.8,3.4,1
32→76,dense,962.5,255.2,269.3,1
32→77,medium,140.1,17.2,30.9,1
32→8,dense,6732.3,635.2,669.0,1
76→1,medium,152.3,22.3,28.2,1
76→10,medium,203.1,23.4,27.9,1
76→11,sparse,78.0,8.9,11.0,1
76→12,sparse,100.7,10.5,12.3,1
76→13,sparse,75.6,7.3,9.1,1
76→14,sparse,112.4,11.1,10.2,0
76→15,sparse,116.2,10.2,17.0,1
76→16,medium,203.3,15.1,16.7,1
76→17,sparse,59.3,8.2,11.6,1
76→19,sparse,34.2,4.2,6.1,1
76→2,medium,192.2,18.6,20.4,1
76→20,sparse,14.2,3.1,3.5,1
76→21,sparse,130.3,12.4,14.1,1
76→22,medium,445.3,33.9,32.1,0
76→23,sparse,32.2,3.5,4.1,1
76→24,dense,732.9,62.7,64.3,1
76→25,sparse,28.5,4.3,5.9,1
76→28,dense,1100.5,91.1,104.0,1
76→3,medium,360.0,31.8,34.2,1
76→31,sparse,35.8,5.1,7.3,1
76→32,dense,3145.7,353.2,478.4,1
76→33,medium,593.0,186.7,197.4,1
76→34,sparse,30.9,7.6,7.9,1
76→35,sparse,20.8,5.2,6.6,1
76→38,sparse,13.9,4.3,3.9,0
76→39,sparse,39.5,7.6,10.2,1
76→4,medium,290.0,21.9,20.1,0
76→41,medium,132.3,26.4,23.1,0
76→42,sparse,42.0,10.6,10.1,0
76→43,sparse,13.7,3.1,4.7,1
76→5,medium,433.1,36.8,38.7,1
76→56,sparse,52.9,10.3,14.7,1
76→6,dense,1234.5,84.0,83.9,0
76→60,sparse,22.6,3.4,4.7,1
76→7,dense,1154.6,88.7,90.9,1
76→76,dense,2167.0,181.1,168.4,0
76→77,medium,339.0,34.5,34.2,0
76→8,dense,5042.8,566.3,695.8,1
76→9,sparse,48.0,6.8,7.4,1
8→1,sparse,113.5,15.0,28.0,1
8→10,sparse,53.9,10.3,10.9,1
8→11,sparse,17.4,5.3,5.2,0
8→12,sparse,15.4,4.2,3.8,0
8→13,sparse,23.2,5.0,5.6,1
8→14,sparse,35.6,5.1,5.5,1
8→15,sparse,30.4,5.5,6.2,1
8→16,sparse,60.5,8.9,12.0,1
8→19,sparse,19.2,3.8,4.4,1
8→2,sparse,121.7,16.5,37.5,1
8→21,sparse,58.0,10.0,10.3,1
8→22,medium,229.3,27.8,39.6,1
8→23,sparse,35.7,6.7,8.0,1
8→24,dense,872.9,137.7,168.6,1
8→25,sparse,40.0,5.9,6.5,1
8→27,sparse,24.4,5.0,6.8,1
8→28,dense,3983.0,367.2,466.0,1
8→29,sparse,19.0,9.8,8.1,0
8→3,medium,380.5,42.6,47.5,1
8→30,sparse,21.3,3.3,4.8,1
8→31,sparse,69.8,14.6,24.6,1
8→32,dense,6548.6,591.6,748.2,1
8→33,dense,1086.6,252.0,280.8,1
8→34,sparse,102.3,21.3,22.6,1
8→35,sparse,103.8,12.1,16.2,1
8→36,sparse,24.0,4.6,9.9,1
8→37,sparse,10.5,5.5,4.4,0
8→38,sparse,75.0,9.2,7.2,0
8→39,sparse,76.6,9.9,13.0,1
8→4,sparse,96.4,11.1,13.2,1
8→40,sparse,19.3,5.0,5.2,1
8→41,medium,181.3,24.7,30.6,1
8→42,sparse,54.0,9.1,12.7,1
8→43,sparse,102.4,15.0,32.6,1
8→44,sparse,81.0,12.6,16.8,1
8→45,sparse,14.2,2.5,3.5,1
8→46,sparse,24.4,4.1,6.9,1
8→49,sparse,23.8,4.2,5.5,1
8→5,sparse,121.4,16.6,16.3,0
8→56,medium,333.2,45.9,64.2,1
8→6,dense,1401.3,174.2,227.4,1
8→60,sparse,34.0,6.4,7.1,1
8→61,sparse,13.5,3.2,3.7,1
8→66,sparse,10.3,3.5,3.0,0
8→67,sparse,14.2,3.5,3.6,1
8→68,sparse,42.7,8.6,12.5,1
8→69,sparse,83.8,12.8,16.3,1
8→7,dense,1711.2,195.6,215.3,1
8→71,sparse,19.1,4.0,4.3,1
8→76,dense,1301.2,208.0,278.8,1
8→77,medium,265.1,28.3,45.8,1
8→8,dense,10844.7,1788.0,1110.0,0
